Gender,Married,Dependents,Education,Self_Employed,Property_Area,LoanAmount,Loan_Amount_Term,ApplicantIncome,CoapplicantIncome,Credit_History,Loan_Status,TotalIncome,IncomePerDependent,LoanAmountToIncome,Education_SelfEmployed
Male,No,0,Graduate,No,Urban,128.0,360.0,5849.0,0.0,1.0,Y,5849.0,5849.0,0.021884082749187895,Graduate_No
Male,Yes,1,Graduate,No,Rural,128.0,360.0,4583.0,1508.0,1.0,N,6091.0,3045.5,0.0210146117222131,Graduate_No
Male,Yes,0,Graduate,Yes,Urban,66.0,360.0,3000.0,0.0,1.0,Y,3000.0,3000.0,0.022,Graduate_Yes
Male,Yes,0,Not Graduate,No,Urban,120.0,360.0,2583.0,2358.0,1.0,Y,4941.0,4941.0,0.024286581663630843,Not Graduate_No
Male,No,0,Graduate,No,Urban,141.0,360.0,6000.0,0.0,1.0,Y,6000.0,6000.0,0.0235,Graduate_No
Male,Yes,2,Graduate,Yes,Urban,261.5,360.0,5417.0,4196.0,1.0,Y,9613.0,3204.3333333333335,0.027202746281077706,Graduate_Yes
Male,Yes,0,Not Graduate,No,Urban,95.0,360.0,2333.0,1516.0,1.0,Y,3849.0,3849.0,0.024681735515718367,Not Graduate_No
Male,Yes,3,Graduate,No,Semiurban,158.0,360.0,3036.0,2504.0,0.0,N,5540.0,1385.0,0.02851985559566787,Graduate_No
Male,Yes,2,Graduate,No,Urban,168.0,360.0,4006.0,1526.0,1.0,Y,5532.0,1844.0,0.03036876355748373,Graduate_No
Male,Yes,1,Graduate,No,Semiurban,261.5,360.0,10171.25,5743.125,1.0,N,15914.375,7957.1875,0.016431685190276088,Graduate_No
Male,Yes,2,Graduate,No,Urban,70.0,360.0,3200.0,700.0,1.0,Y,3900.0,1300.0,0.017948717948717947,Graduate_No
Male,Yes,2,Graduate,No,Urban,109.0,360.0,2500.0,1840.0,1.0,Y,4340.0,1446.6666666666667,0.02511520737327189,Graduate_No
Male,Yes,2,Graduate,No,Urban,200.0,360.0,3073.0,5743.125,1.0,Y,8816.125,2938.7083333333335,0.022685703753066114,Graduate_No
Male,No,0,Graduate,No,Rural,114.0,360.0,1853.0,2840.0,1.0,N,4693.0,4693.0,0.024291497975708502,Graduate_No
Male,Yes,2,Graduate,No,Urban,17.0,120.0,1299.0,1086.0,1.0,Y,2385.0,795.0,0.007127882599580713,Graduate_No
Male,No,0,Graduate,No,Urban,125.0,360.0,4950.0,0.0,1.0,Y,4950.0,4950.0,0.025252525252525252,Graduate_No
Male,No,1,Not Graduate,No,Urban,100.0,240.0,3596.0,0.0,1.0,Y,3596.0,1798.0,0.027808676307007785,Not Graduate_No
Female,No,0,Graduate,No,Urban,76.0,360.0,3510.0,0.0,0.0,N,3510.0,3510.0,0.021652421652421653,Graduate_No
Male,Yes,0,Not Graduate,No,Rural,133.0,360.0,4887.0,0.0,1.0,N,4887.0,4887.0,0.027215060364231634,Not Graduate_No
Male,Yes,0,Graduate,No,Urban,115.0,360.0,2600.0,3500.0,1.0,Y,6100.0,6100.0,0.018852459016393444,Graduate_No
Male,Yes,0,Not Graduate,No,Urban,104.0,360.0,7660.0,0.0,0.0,N,7660.0,7660.0,0.013577023498694517,Not Graduate_No
Male,Yes,1,Graduate,No,Urban,261.5,360.0,5955.0,5625.0,1.0,Y,11580.0,5790.0,0.02258203799654577,Graduate_No
Male,Yes,0,Not Graduate,No,Semiurban,116.0,360.0,2600.0,1911.0,0.0,N,4511.0,4511.0,0.025714919086677012,Not Graduate_No
Male,Yes,2,Not Graduate,No,Rural,112.0,360.0,3365.0,1917.0,0.0,N,5282.0,1760.6666666666667,0.021204089360090876,Not Graduate_No
Male,Yes,1,Graduate,No,Semiurban,151.0,360.0,3717.0,2925.0,1.0,N,6642.0,3321.0,0.02273411623005119,Graduate_No
Male,Yes,0,Graduate,Yes,Semiurban,191.0,360.0,9560.0,0.0,1.0,Y,9560.0,9560.0,0.01997907949790795,Graduate_Yes
Male,Yes,0,Graduate,No,Semiurban,122.0,360.0,2799.0,2253.0,1.0,Y,5052.0,5052.0,0.02414885193982581,Graduate_No
Male,Yes,2,Not Graduate,No,Urban,110.0,360.0,4226.0,1040.0,1.0,Y,5266.0,1755.3333333333333,0.020888720091150777,Not Graduate_No
Male,No,0,Not Graduate,No,Urban,35.0,360.0,1442.0,0.0,1.0,N,1442.0,1442.0,0.024271844660194174,Not Graduate_No
Female,No,2,Graduate,No,Semiurban,120.0,360.0,3750.0,2083.0,1.0,Y,5833.0,1944.3333333333333,0.020572604148808505,Graduate_No
Male,Yes,1,Graduate,No,Urban,201.0,360.0,4166.0,3369.0,1.0,N,7535.0,3767.5,0.026675514266755143,Graduate_No
Male,No,0,Graduate,No,Urban,74.0,360.0,3167.0,0.0,1.0,N,3167.0,3167.0,0.023365961477739186,Graduate_No
Male,No,1,Graduate,Yes,Rural,106.0,360.0,4692.0,0.0,1.0,N,4692.0,2346.0,0.022591645353793693,Graduate_Yes
Male,Yes,0,Graduate,No,Semiurban,114.0,360.0,3500.0,1667.0,1.0,Y,5167.0,5167.0,0.022063092703696534,Graduate_No
Male,No,3,Graduate,No,Rural,261.5,360.0,10171.25,3000.0,1.0,N,13171.25,3292.8125,0.019853848343930912,Graduate_No
Male,Yes,0,Graduate,No,Urban,128.0,360.0,2275.0,2067.0,1.0,Y,4342.0,4342.0,0.02947950253339475,Graduate_No
Male,Yes,0,Graduate,No,Urban,100.0,360.0,1828.0,1330.0,0.0,N,3158.0,3158.0,0.031665611146295125,Graduate_No
Female,Yes,0,Graduate,No,Semiurban,144.0,360.0,3667.0,1459.0,1.0,Y,5126.0,5126.0,0.02809207959422552,Graduate_No
Male,No,0,Graduate,No,Urban,184.0,360.0,4166.0,5743.125,1.0,Y,9909.125,9909.125,0.018568743456157836,Graduate_No
Male,No,0,Not Graduate,No,Semiurban,110.0,360.0,3748.0,1668.0,1.0,Y,5416.0,5416.0,0.02031019202363368,Not Graduate_No
Male,No,0,Graduate,No,Urban,80.0,360.0,3600.0,0.0,1.0,N,3600.0,3600.0,0.022222222222222223,Graduate_No
Male,No,0,Graduate,No,Urban,47.0,360.0,1800.0,1213.0,1.0,Y,3013.0,3013.0,0.015599070693660804,Graduate_No
Male,Yes,0,Graduate,No,Urban,75.0,360.0,2400.0,0.0,1.0,Y,2400.0,2400.0,0.03125,Graduate_No
Male,Yes,0,Graduate,No,Semiurban,134.0,360.0,3941.0,2336.0,1.0,Y,6277.0,6277.0,0.021347777600764697,Graduate_No
Male,Yes,0,Not Graduate,Yes,Urban,96.0,360.0,4695.0,0.0,1.0,Y,4695.0,4695.0,0.020447284345047924,Not Graduate_Yes
Female,No,0,Graduate,No,Urban,88.0,360.0,3410.0,0.0,1.0,Y,3410.0,3410.0,0.025806451612903226,Graduate_No
Male,Yes,1,Graduate,No,Urban,44.0,360.0,5649.0,0.0,1.0,Y,5649.0,2824.5,0.007788989201628607,Graduate_No
Male,Yes,0,Graduate,No,Urban,144.0,360.0,5821.0,0.0,1.0,Y,5821.0,5821.0,0.02473801752276241,Graduate_No
Female,Yes,0,Graduate,No,Urban,120.0,360.0,2645.0,3440.0,0.0,N,6085.0,6085.0,0.01972062448644207,Graduate_No
Female,No,0,Graduate,No,Semiurban,144.0,360.0,4000.0,2275.0,1.0,Y,6275.0,6275.0,0.022948207171314742,Graduate_No
Female,Yes,0,Not Graduate,No,Semiurban,100.0,360.0,1928.0,1644.0,1.0,Y,3572.0,3572.0,0.027995520716685332,Not Graduate_No
Female,No,0,Graduate,No,Semiurban,120.0,360.0,3086.0,0.0,1.0,Y,3086.0,3086.0,0.03888528839922229,Graduate_No
Female,No,0,Graduate,No,Semiurban,112.0,360.0,4230.0,0.0,1.0,N,4230.0,4230.0,0.026477541371158392,Graduate_No
Male,Yes,2,Graduate,No,Urban,134.0,360.0,4616.0,0.0,1.0,N,4616.0,1538.6666666666667,0.02902946273830156,Graduate_No
Female,Yes,1,Graduate,Yes,Urban,261.5,360.0,10171.25,0.0,0.0,N,10171.25,5085.625,0.025709721027405676,Graduate_Yes
Male,Yes,2,Graduate,No,Semiurban,97.0,360.0,2708.0,1167.0,1.0,Y,3875.0,1291.6666666666667,0.02503225806451613,Graduate_No
Male,Yes,0,Graduate,No,Semiurban,96.0,360.0,2132.0,1591.0,1.0,Y,3723.0,3723.0,0.0257856567284448,Graduate_No
Male,Yes,0,Graduate,No,Rural,135.0,360.0,3366.0,2200.0,1.0,N,5566.0,5566.0,0.024254401724757457,Graduate_No
Male,Yes,1,Graduate,No,Urban,180.0,360.0,8080.0,2250.0,1.0,Y,10330.0,5165.0,0.017424975798644726,Graduate_No
Male,Yes,2,Not Graduate,No,Urban,144.0,360.0,3357.0,2859.0,1.0,Y,6216.0,2072.0,0.023166023166023165,Not Graduate_No
Male,Yes,0,Graduate,No,Urban,120.0,360.0,2500.0,3796.0,1.0,Y,6296.0,6296.0,0.01905972045743329,Graduate_No
Male,Yes,3,Graduate,No,Urban,99.0,360.0,3029.0,0.0,1.0,Y,3029.0,757.25,0.03268405414328161,Graduate_No
Male,Yes,0,Not Graduate,Yes,Rural,165.0,180.0,2609.0,3449.0,0.0,N,6058.0,6058.0,0.02723671178606801,Not Graduate_Yes
Male,Yes,1,Graduate,No,Rural,128.0,360.0,4945.0,0.0,0.0,N,4945.0,2472.5,0.025884732052578362,Graduate_No
Female,No,0,Graduate,No,Semiurban,116.0,360.0,4166.0,0.0,0.0,N,4166.0,4166.0,0.02784445511281805,Graduate_No
Male,Yes,0,Graduate,No,Semiurban,258.0,360.0,5726.0,4595.0,1.0,N,10321.0,10321.0,0.024997577754093597,Graduate_No
Male,No,0,Not Graduate,No,Urban,126.0,180.0,3200.0,2254.0,0.0,N,5454.0,5454.0,0.0231023102310231,Not Graduate_No
Male,Yes,1,Graduate,No,Urban,261.5,360.0,10171.25,0.0,1.0,Y,10171.25,5085.625,0.025709721027405676,Graduate_No
Male,Yes,3,Not Graduate,Yes,Urban,125.0,60.0,7100.0,0.0,1.0,Y,7100.0,1775.0,0.017605633802816902,Not Graduate_Yes
Female,No,0,Graduate,No,Semiurban,136.0,360.0,4300.0,0.0,0.0,N,4300.0,4300.0,0.03162790697674418,Graduate_No
Male,Yes,0,Graduate,No,Urban,172.0,360.0,3208.0,3066.0,1.0,Y,6274.0,6274.0,0.027414727446605038,Graduate_No
Male,Yes,2,Not Graduate,Yes,Semiurban,97.0,360.0,1875.0,1875.0,1.0,Y,3750.0,1250.0,0.025866666666666666,Not Graduate_Yes
Male,No,0,Graduate,No,Semiurban,81.0,300.0,3500.0,0.0,1.0,Y,3500.0,3500.0,0.023142857142857142,Graduate_No
Male,Yes,3,Not Graduate,No,Semiurban,95.0,360.0,4755.0,0.0,0.0,N,4755.0,1188.75,0.019978969505783387,Not Graduate_No
Male,Yes,3,Graduate,Yes,Semiurban,187.0,360.0,5266.0,1774.0,1.0,Y,7040.0,1760.0,0.0265625,Graduate_Yes
Male,No,0,Graduate,No,Urban,113.0,480.0,3750.0,0.0,1.0,N,3750.0,3750.0,0.030133333333333335,Graduate_No
Male,No,0,Graduate,No,Urban,176.0,360.0,3750.0,4750.0,1.0,N,8500.0,8500.0,0.020705882352941178,Graduate_No
Male,Yes,1,Graduate,Yes,Urban,110.0,360.0,1000.0,3022.0,1.0,N,4022.0,2011.0,0.02734957732471407,Graduate_Yes
Male,Yes,3,Graduate,No,Semiurban,180.0,300.0,3167.0,4000.0,0.0,N,7167.0,1791.75,0.025115110925073254,Graduate_No
Male,Yes,3,Not Graduate,Yes,Semiurban,130.0,360.0,3333.0,2166.0,1.0,Y,5499.0,1374.75,0.02364066193853428,Not Graduate_Yes
Female,No,0,Graduate,No,Semiurban,111.0,360.0,3846.0,0.0,1.0,Y,3846.0,3846.0,0.028861154446177848,Graduate_No
Male,Yes,1,Graduate,Yes,Semiurban,128.0,360.0,2395.0,0.0,1.0,Y,2395.0,1197.5,0.05344467640918581,Graduate_Yes
Female,Yes,2,Graduate,No,Urban,167.0,360.0,1378.0,1881.0,1.0,N,3259.0,1086.3333333333333,0.0512427124884934,Graduate_No
Male,Yes,0,Graduate,No,Semiurban,261.5,360.0,6000.0,2250.0,1.0,N,8250.0,8250.0,0.031696969696969696,Graduate_No
Male,Yes,1,Graduate,No,Urban,50.0,240.0,3988.0,0.0,1.0,Y,3988.0,1994.0,0.012537612838515547,Graduate_No
Male,No,0,Graduate,No,Semiurban,136.0,360.0,2366.0,2531.0,1.0,Y,4897.0,4897.0,0.027772105370635083,Graduate_No
Male,Yes,2,Not Graduate,No,Semiurban,99.0,360.0,3333.0,2000.0,1.0,Y,5333.0,1777.6666666666667,0.0185636602287643,Not Graduate_No
Male,Yes,0,Graduate,No,Semiurban,104.0,360.0,2500.0,2118.0,1.0,Y,4618.0,4618.0,0.02252057167605024,Graduate_No
Male,No,0,Graduate,No,Urban,210.0,360.0,8566.0,0.0,1.0,Y,8566.0,8566.0,0.02451552650011674,Graduate_No
Male,Yes,0,Graduate,No,Semiurban,175.0,360.0,5695.0,4167.0,1.0,Y,9862.0,9862.0,0.017744879334820524,Graduate_No
Male,Yes,0,Graduate,No,Semiurban,131.0,360.0,2958.0,2900.0,1.0,Y,5858.0,5858.0,0.022362581085694777,Graduate_No
Male,Yes,2,Graduate,No,Semiurban,188.0,180.0,6250.0,5654.0,1.0,Y,11904.0,3968.0,0.015793010752688172,Graduate_No
Male,Yes,2,Not Graduate,No,Urban,81.0,360.0,3273.0,1820.0,1.0,Y,5093.0,1697.6666666666667,0.015904182210877676,Not Graduate_No
Male,No,0,Graduate,No,Semiurban,122.0,360.0,4133.0,0.0,1.0,Y,4133.0,4133.0,0.029518509557222357,Graduate_No
Male,No,0,Not Graduate,No,Semiurban,25.0,120.0,3620.0,0.0,1.0,Y,3620.0,3620.0,0.006906077348066298,Not Graduate_No
Male,No,0,Graduate,No,Urban,128.0,360.0,6782.0,0.0,1.0,N,6782.0,6782.0,0.018873488646416987,Graduate_No
Female,Yes,0,Graduate,No,Semiurban,137.0,360.0,2484.0,2302.0,1.0,Y,4786.0,4786.0,0.028625156707062265,Graduate_No
Male,Yes,0,Graduate,No,Semiurban,50.0,360.0,1977.0,997.0,1.0,Y,2974.0,2974.0,0.016812373907195696,Graduate_No
Male,Yes,0,Not Graduate,No,Semiurban,115.0,180.0,4188.0,0.0,1.0,Y,4188.0,4188.0,0.027459407831900668,Not Graduate_No
Male,Yes,0,Graduate,No,Semiurban,131.0,360.0,1759.0,3541.0,1.0,Y,5300.0,5300.0,0.02471698113207547,Graduate_No
Male,Yes,2,Not Graduate,No,Urban,133.0,180.0,4288.0,3263.0,1.0,Y,7551.0,2517.0,0.01761356111773275,Not Graduate_No
Male,No,0,Graduate,No,Semiurban,151.0,360.0,4843.0,3806.0,1.0,Y,8649.0,8649.0,0.017458665741704245,Graduate_No
Male,Yes,0,Graduate,No,Urban,128.0,360.0,10171.25,0.0,1.0,Y,10171.25,10171.25,0.012584490598500676,Graduate_No
Male,Yes,0,Graduate,No,Semiurban,128.0,360.0,4652.0,3583.0,1.0,Y,8235.0,8235.0,0.01554341226472374,Graduate_No
Male,Yes,0,Graduate,No,Urban,160.0,360.0,3816.0,754.0,1.0,Y,4570.0,4570.0,0.0350109409190372,Graduate_No
Male,Yes,1,Graduate,No,Urban,100.0,360.0,3052.0,1030.0,1.0,Y,4082.0,2041.0,0.02449779519843214,Graduate_No
Male,Yes,2,Graduate,No,Urban,225.0,360.0,10171.25,1126.0,1.0,Y,11297.25,3765.75,0.019916351324437365,Graduate_No
Male,No,0,Not Graduate,No,Rural,120.0,360.0,7333.0,0.0,1.0,N,7333.0,7333.0,0.01636438019909996,Not Graduate_No
Male,Yes,2,Graduate,No,Urban,216.0,360.0,3800.0,3600.0,0.0,N,7400.0,2466.6666666666665,0.02918918918918919,Graduate_No
Male,Yes,3,Not Graduate,No,Semiurban,94.0,480.0,2071.0,754.0,1.0,Y,2825.0,706.25,0.03327433628318584,Not Graduate_No
Male,No,0,Graduate,No,Urban,136.0,360.0,5316.0,0.0,1.0,Y,5316.0,5316.0,0.025583145221971408,Graduate_No
Female,Yes,0,Graduate,No,Semiurban,139.0,360.0,2929.0,2333.0,1.0,Y,5262.0,5262.0,0.026415811478525276,Graduate_No
Male,Yes,0,Not Graduate,No,Rural,152.0,360.0,3572.0,4114.0,0.0,N,7686.0,7686.0,0.019776216497527973,Not Graduate_No
Female,No,1,Graduate,Yes,Semiurban,128.0,360.0,7451.0,0.0,1.0,Y,7451.0,3725.5,0.01717890216078379,Graduate_Yes
Male,No,0,Graduate,No,Semiurban,118.0,360.0,5050.0,0.0,1.0,Y,5050.0,5050.0,0.023366336633663366,Graduate_No
Male,Yes,1,Graduate,No,Rural,185.0,180.0,10171.25,0.0,1.0,Y,10171.25,5085.625,0.01818852156814551,Graduate_No
Female,Yes,0,Graduate,No,Semiurban,154.0,360.0,3167.0,2283.0,1.0,Y,5450.0,5450.0,0.028256880733944955,Graduate_No
Male,Yes,1,Graduate,No,Urban,85.0,360.0,2214.0,1398.0,1.0,Y,3612.0,1806.0,0.02353266888150609,Graduate_No
Male,Yes,0,Graduate,No,Rural,175.0,360.0,5568.0,2142.0,1.0,N,7710.0,7710.0,0.022697795071335927,Graduate_No
Female,No,0,Graduate,No,Urban,259.0,360.0,10171.25,0.0,1.0,Y,10171.25,10171.25,0.02546393019540371,Graduate_No
Male,Yes,0,Graduate,No,Rural,180.0,360.0,5667.0,2667.0,1.0,Y,8334.0,8334.0,0.02159827213822894,Graduate_No
Female,No,0,Graduate,No,Semiurban,44.0,360.0,4166.0,0.0,1.0,Y,4166.0,4166.0,0.01056168987037926,Graduate_No
Female,No,0,Graduate,No,Semiurban,137.0,360.0,2137.0,5743.125,0.0,Y,7880.125,7880.125,0.017385511016639963,Graduate_No
Male,Yes,2,Graduate,No,Semiurban,81.0,360.0,2957.0,0.0,1.0,Y,2957.0,985.6666666666666,0.027392627663172135,Graduate_No
Male,Yes,0,Not Graduate,No,Rural,194.0,360.0,4300.0,2014.0,1.0,Y,6314.0,6314.0,0.030725372188786824,Not Graduate_No
Female,No,0,Graduate,No,Rural,93.0,360.0,3692.0,0.0,1.0,Y,3692.0,3692.0,0.025189599133261104,Graduate_No
Male,Yes,3,Graduate,No,Rural,261.5,360.0,10171.25,0.0,1.0,Y,10171.25,2542.8125,0.025709721027405676,Graduate_No
Male,No,0,Graduate,No,Rural,128.0,360.0,3865.0,1640.0,1.0,Y,5505.0,5505.0,0.023251589464123524,Graduate_No
Male,Yes,1,Graduate,Yes,Urban,160.0,180.0,10171.25,3850.0,0.0,N,14021.25,7010.625,0.011411250780065971,Graduate_Yes
Male,Yes,0,Graduate,No,Rural,182.0,360.0,6080.0,2569.0,1.0,N,8649.0,8649.0,0.021042895132385248,Graduate_No
Male,No,0,Graduate,Yes,Urban,261.5,480.0,10171.25,0.0,1.0,Y,10171.25,10171.25,0.025709721027405676,Graduate_Yes
Male,No,0,Graduate,No,Urban,74.0,360.0,2014.0,1929.0,1.0,Y,3943.0,3943.0,0.018767435962465127,Graduate_No
Male,No,0,Graduate,No,Semiurban,70.0,360.0,2718.0,0.0,1.0,Y,2718.0,2718.0,0.025754231052244298,Graduate_No
Male,Yes,0,Graduate,Yes,Semiurban,25.0,120.0,3459.0,0.0,1.0,Y,3459.0,3459.0,0.007227522405319456,Graduate_Yes
Male,No,0,Graduate,No,Semiurban,102.0,360.0,4895.0,0.0,1.0,Y,4895.0,4895.0,0.020837589376915218,Graduate_No
Male,Yes,3,Graduate,No,Semiurban,261.5,360.0,4000.0,5743.125,1.0,N,9743.125,2435.78125,0.026839438065302458,Graduate_No
Female,Yes,0,Graduate,No,Rural,84.0,360.0,4583.0,0.0,1.0,N,4583.0,4583.0,0.0183286057167794,Graduate_No
Male,Yes,2,Graduate,Yes,Urban,88.0,360.0,3316.0,3500.0,1.0,Y,6816.0,2272.0,0.012910798122065728,Graduate_Yes
Male,No,0,Graduate,No,Semiurban,242.0,360.0,10171.25,0.0,0.0,N,10171.25,10171.25,0.02379255253779034,Graduate_No
Male,Yes,2,Not Graduate,No,Rural,129.0,360.0,4200.0,1430.0,1.0,N,5630.0,1876.6666666666667,0.022912966252220248,Not Graduate_No
Male,Yes,2,Graduate,No,Rural,185.0,360.0,5042.0,2083.0,1.0,N,7125.0,2375.0,0.025964912280701753,Graduate_No
Male,No,0,Graduate,No,Urban,168.0,360.0,5417.0,0.0,1.0,Y,5417.0,5417.0,0.031013476093778844,Graduate_No
Male,No,0,Graduate,Yes,Semiurban,175.0,180.0,6950.0,0.0,1.0,Y,6950.0,6950.0,0.025179856115107913,Graduate_Yes
Male,Yes,0,Graduate,No,Semiurban,122.0,360.0,2698.0,2034.0,1.0,Y,4732.0,4732.0,0.02578191039729501,Graduate_No
Male,Yes,2,Graduate,No,Urban,187.0,180.0,10171.25,0.0,1.0,Y,10171.25,3390.4166666666665,0.01838515423374708,Graduate_No
Female,Yes,0,Graduate,No,Semiurban,100.0,360.0,2330.0,4486.0,1.0,Y,6816.0,6816.0,0.014671361502347418,Graduate_No
Female,Yes,2,Graduate,No,Urban,70.0,360.0,10171.25,0.0,1.0,Y,10171.25,3390.4166666666665,0.0068821432960550575,Graduate_No
Male,Yes,1,Graduate,No,Urban,30.0,360.0,1538.0,1425.0,1.0,Y,2963.0,1481.5,0.010124873439082012,Graduate_No
Female,No,0,Graduate,No,Rural,225.0,360.0,10000.0,1666.0,1.0,N,11666.0,11666.0,0.019286816389507973,Graduate_No
Male,Yes,0,Graduate,No,Semiurban,125.0,360.0,4860.0,830.0,1.0,Y,5690.0,5690.0,0.021968365553602813,Graduate_No
Male,No,0,Graduate,No,Rural,118.0,360.0,6277.0,0.0,0.0,N,6277.0,6277.0,0.018798789230524134,Graduate_No
Male,Yes,0,Graduate,Yes,Rural,152.0,360.0,2577.0,3750.0,1.0,Y,6327.0,6327.0,0.024024024024024024,Graduate_Yes
Male,No,0,Graduate,No,Urban,244.0,360.0,9166.0,0.0,1.0,N,9166.0,9166.0,0.026620117826751038,Graduate_No
Male,Yes,2,Not Graduate,No,Rural,113.0,360.0,2281.0,0.0,1.0,N,2281.0,760.3333333333334,0.049539675580885574,Not Graduate_No
Male,No,0,Graduate,No,Urban,50.0,360.0,3254.0,0.0,1.0,Y,3254.0,3254.0,0.015365703749231715,Graduate_No
Male,Yes,3,Graduate,No,Semiurban,261.5,180.0,10171.25,0.0,0.0,Y,10171.25,2542.8125,0.025709721027405676,Graduate_No
Male,Yes,1,Graduate,No,Rural,160.0,360.0,6000.0,0.0,1.0,Y,6000.0,3000.0,0.02666666666666667,Graduate_No
Male,Yes,1,Graduate,No,Urban,187.0,360.0,9538.0,0.0,1.0,Y,9538.0,4769.0,0.019605787376808556,Graduate_No
Male,No,0,Graduate,No,Rural,120.0,360.0,2980.0,2083.0,1.0,Y,5063.0,5063.0,0.023701362828362632,Graduate_No
Male,Yes,0,Graduate,No,Semiurban,255.0,360.0,4583.0,5625.0,1.0,Y,10208.0,10208.0,0.02498040752351097,Graduate_No
Male,Yes,0,Not Graduate,No,Semiurban,98.0,360.0,1863.0,1041.0,1.0,Y,2904.0,2904.0,0.0337465564738292,Not Graduate_No
Male,Yes,0,Graduate,No,Urban,261.5,360.0,7933.0,0.0,1.0,N,7933.0,7933.0,0.03296356989789487,Graduate_No
Male,Yes,1,Graduate,No,Semiurban,121.0,360.0,3089.0,1280.0,0.0,N,4369.0,2184.5,0.027695124742504004,Graduate_No
Male,Yes,2,Graduate,No,Rural,158.0,360.0,4167.0,1447.0,1.0,Y,5614.0,1871.3333333333333,0.028143925899536872,Graduate_No
Male,Yes,0,Graduate,No,Urban,75.0,180.0,9323.0,0.0,1.0,Y,9323.0,9323.0,0.008044620830204869,Graduate_No
Male,Yes,0,Graduate,No,Rural,182.0,360.0,3707.0,3166.0,1.0,Y,6873.0,6873.0,0.02648043067074058,Graduate_No
Female,Yes,0,Graduate,No,Rural,112.0,360.0,4583.0,0.0,1.0,N,4583.0,4583.0,0.02443814095570587,Graduate_No
Male,Yes,0,Graduate,No,Rural,129.0,360.0,2439.0,3333.0,1.0,Y,5772.0,5772.0,0.02234927234927235,Graduate_No
Male,No,0,Graduate,No,Semiurban,63.0,480.0,2237.0,0.0,0.0,N,2237.0,2237.0,0.028162717925793473,Graduate_No
Male,Yes,2,Graduate,No,Semiurban,200.0,360.0,8000.0,0.0,1.0,Y,8000.0,2666.6666666666665,0.025,Graduate_No
Male,Yes,0,Not Graduate,No,Rural,95.0,360.0,1820.0,1769.0,1.0,Y,3589.0,3589.0,0.026469768737809974,Not Graduate_No
Male,Yes,3,Graduate,No,Urban,261.5,300.0,10171.25,0.0,1.0,Y,10171.25,2542.8125,0.025709721027405676,Graduate_No
Male,Yes,3,Not Graduate,No,Rural,81.0,180.0,3522.0,0.0,1.0,N,3522.0,880.5,0.022998296422487224,Not Graduate_No
Male,Yes,0,Graduate,No,Semiurban,187.0,360.0,5708.0,5625.0,1.0,Y,11333.0,11333.0,0.016500485308391422,Graduate_No
Male,Yes,0,Not Graduate,Yes,Semiurban,87.0,360.0,4344.0,736.0,1.0,N,5080.0,5080.0,0.017125984251968505,Not Graduate_Yes
Male,Yes,0,Graduate,No,Rural,116.0,360.0,3497.0,1964.0,1.0,Y,5461.0,5461.0,0.021241530855154733,Graduate_No
Male,Yes,2,Graduate,No,Rural,101.0,360.0,2045.0,1619.0,1.0,Y,3664.0,1221.3333333333333,0.027565502183406112,Graduate_No
Male,Yes,3,Graduate,No,Semiurban,261.5,360.0,5516.0,5743.125,0.0,N,11259.125,2814.78125,0.023225605897438745,Graduate_No
Male,Yes,1,Graduate,No,Semiurban,116.0,360.0,3750.0,0.0,1.0,Y,3750.0,1875.0,0.030933333333333334,Graduate_No
Male,No,0,Not Graduate,No,Urban,102.0,480.0,2333.0,1451.0,0.0,N,3784.0,3784.0,0.026955602536997886,Not Graduate_No
Male,Yes,1,Graduate,No,Urban,180.0,360.0,6400.0,5743.125,0.0,N,12143.125,6071.5625,0.014823202429358176,Graduate_No
Male,No,0,Graduate,No,Rural,67.0,360.0,1916.0,5063.0,1.0,N,6979.0,6979.0,0.00960022925920619,Graduate_No
Male,Yes,0,Graduate,No,Semiurban,73.0,180.0,4600.0,0.0,1.0,Y,4600.0,4600.0,0.015869565217391305,Graduate_No
Male,Yes,1,Graduate,No,Semiurban,260.0,360.0,10171.25,0.0,1.0,N,10171.25,5085.625,0.025562246528204498,Graduate_No
Female,Yes,0,Graduate,No,Semiurban,108.0,360.0,3625.0,0.0,1.0,Y,3625.0,3625.0,0.029793103448275862,Graduate_No
Male,Yes,0,Graduate,Yes,Semiurban,120.0,360.0,10171.25,4750.0,1.0,Y,14921.25,14921.25,0.008042221663734606,Graduate_Yes
Male,Yes,1,Graduate,Yes,Rural,66.0,300.0,2178.0,0.0,0.0,N,2178.0,1089.0,0.030303030303030304,Graduate_Yes
Male,Yes,0,Graduate,No,Rural,58.0,360.0,2383.0,2138.0,1.0,Y,4521.0,4521.0,0.012829020128290201,Graduate_No
Male,Yes,0,Graduate,Yes,Rural,168.0,360.0,674.0,5296.0,1.0,Y,5970.0,5970.0,0.02814070351758794,Graduate_Yes
Male,Yes,0,Graduate,No,Rural,188.0,180.0,9328.0,0.0,1.0,Y,9328.0,9328.0,0.020154373927958835,Graduate_No
Male,No,0,Not Graduate,No,Rural,48.0,360.0,4885.0,0.0,1.0,Y,4885.0,4885.0,0.009825997952917094,Not Graduate_No
Male,No,0,Graduate,No,Semiurban,164.0,360.0,10171.25,0.0,1.0,N,10171.25,10171.25,0.016123878579328992,Graduate_No
Male,Yes,0,Not Graduate,No,Urban,160.0,360.0,6033.0,0.0,1.0,N,6033.0,6033.0,0.026520802254268193,Not Graduate_No
Male,No,0,Graduate,No,Semiurban,76.0,360.0,3858.0,0.0,1.0,Y,3858.0,3858.0,0.019699326075686883,Graduate_No
Male,No,0,Graduate,No,Rural,120.0,360.0,4191.0,0.0,1.0,Y,4191.0,4191.0,0.02863278453829635,Graduate_No
Male,Yes,1,Graduate,No,Semiurban,170.0,360.0,3125.0,2583.0,1.0,N,5708.0,2854.0,0.029782761037140854,Graduate_No
Male,No,0,Graduate,No,Rural,187.0,360.0,8333.0,3750.0,1.0,Y,12083.0,12083.0,0.015476289001075892,Graduate_No
Female,No,0,Not Graduate,No,Urban,120.0,360.0,1907.0,2365.0,1.0,Y,4272.0,4272.0,0.028089887640449437,Not Graduate_No
Female,Yes,0,Graduate,No,Semiurban,113.0,360.0,3416.0,2816.0,1.0,Y,6232.0,6232.0,0.01813222079589217,Graduate_No
Male,No,0,Graduate,Yes,Urban,83.0,360.0,10171.25,0.0,1.0,N,10171.25,10171.25,0.008160255622465282,Graduate_Yes
Male,Yes,1,Not Graduate,No,Semiurban,90.0,360.0,2600.0,2500.0,1.0,Y,5100.0,2550.0,0.01764705882352941,Not Graduate_No
Male,No,2,Graduate,No,Semiurban,166.0,360.0,4923.0,0.0,0.0,Y,4923.0,1641.0,0.03371927686370099,Graduate_No
Male,Yes,3,Not Graduate,No,Urban,128.0,180.0,3992.0,0.0,1.0,N,3992.0,998.0,0.03206412825651302,Not Graduate_No
Male,Yes,1,Not Graduate,No,Urban,135.0,360.0,3500.0,1083.0,1.0,Y,4583.0,2291.5,0.029456687759109753,Not Graduate_No
Male,Yes,2,Not Graduate,No,Semiurban,124.0,360.0,3917.0,0.0,1.0,Y,3917.0,1305.6666666666667,0.03165688026550932,Not Graduate_No
Female,No,0,Not Graduate,No,Semiurban,120.0,360.0,4408.0,0.0,1.0,Y,4408.0,4408.0,0.02722323049001815,Not Graduate_No
Female,No,0,Graduate,No,Urban,80.0,360.0,3244.0,0.0,1.0,Y,3244.0,3244.0,0.02466091245376079,Graduate_No
Male,No,0,Not Graduate,No,Rural,55.0,360.0,3975.0,2531.0,1.0,Y,6506.0,6506.0,0.008453735013833385,Not Graduate_No
Male,No,0,Graduate,No,Urban,59.0,360.0,2479.0,0.0,1.0,Y,2479.0,2479.0,0.02379991932230738,Graduate_No
Male,No,0,Graduate,No,Semiurban,127.0,360.0,3418.0,0.0,1.0,N,3418.0,3418.0,0.0371562317144529,Graduate_No
Female,No,0,Graduate,No,Semiurban,214.0,360.0,10000.0,0.0,1.0,N,10000.0,10000.0,0.0214,Graduate_No
Male,Yes,3,Graduate,No,Semiurban,128.0,360.0,3430.0,1250.0,0.0,N,4680.0,1170.0,0.02735042735042735,Graduate_No
Male,Yes,1,Graduate,Yes,Urban,240.0,360.0,7787.0,0.0,1.0,Y,7787.0,3893.5,0.030820598433286245,Graduate_Yes
Male,Yes,3,Not Graduate,Yes,Rural,130.0,360.0,5703.0,0.0,1.0,Y,5703.0,1425.75,0.02279502016482553,Not Graduate_Yes
Male,Yes,0,Graduate,No,Urban,137.0,360.0,3173.0,3021.0,1.0,Y,6194.0,6194.0,0.022118178882789795,Graduate_No
Male,Yes,3,Not Graduate,No,Semiurban,100.0,360.0,3850.0,983.0,1.0,Y,4833.0,1208.25,0.02069108214359611,Not Graduate_No
Male,Yes,0,Graduate,No,Rural,135.0,360.0,150.0,1800.0,1.0,N,1950.0,1950.0,0.06923076923076923,Graduate_No
Male,Yes,0,Graduate,No,Semiurban,131.0,360.0,3727.0,1775.0,1.0,Y,5502.0,5502.0,0.023809523809523808,Graduate_No
Male,Yes,2,Graduate,No,Semiurban,72.0,360.0,5000.0,0.0,0.0,N,5000.0,1666.6666666666667,0.0144,Graduate_No
Female,Yes,2,Graduate,No,Semiurban,127.0,360.0,4283.0,2383.0,1.0,Y,6666.0,2222.0,0.019051905190519053,Graduate_No
Male,Yes,0,Graduate,No,Urban,60.0,360.0,2221.0,0.0,0.0,N,2221.0,2221.0,0.0270148581719946,Graduate_No
Male,Yes,2,Graduate,No,Semiurban,116.0,360.0,4009.0,1717.0,1.0,Y,5726.0,1908.6666666666667,0.020258470136220747,Graduate_No
Male,No,0,Graduate,No,Semiurban,144.0,360.0,2971.0,2791.0,1.0,Y,5762.0,5762.0,0.024991322457480043,Graduate_No
Male,Yes,0,Graduate,No,Semiurban,175.0,360.0,7578.0,1010.0,1.0,Y,8588.0,8588.0,0.0203772706101537,Graduate_No
Male,Yes,0,Graduate,No,Semiurban,128.0,360.0,6250.0,0.0,1.0,Y,6250.0,6250.0,0.02048,Graduate_No
Male,Yes,0,Graduate,No,Rural,170.0,360.0,3250.0,0.0,1.0,N,3250.0,3250.0,0.052307692307692305,Graduate_No
Male,Yes,0,Not Graduate,Yes,Urban,138.0,360.0,4735.0,0.0,1.0,N,4735.0,4735.0,0.02914466737064414,Not Graduate_Yes
Male,Yes,2,Graduate,No,Semiurban,210.0,360.0,6250.0,1695.0,1.0,Y,7945.0,2648.3333333333335,0.02643171806167401,Graduate_No
Male,Yes,0,Graduate,No,Semiurban,158.0,480.0,4758.0,0.0,1.0,Y,4758.0,4758.0,0.0332072299285414,Graduate_No
Male,No,0,Graduate,Yes,Rural,200.0,360.0,6400.0,0.0,1.0,Y,6400.0,6400.0,0.03125,Graduate_Yes
Male,Yes,1,Graduate,No,Semiurban,104.0,360.0,2491.0,2054.0,1.0,Y,4545.0,2272.5,0.02288228822882288,Graduate_No
Male,Yes,0,Graduate,No,Rural,42.0,180.0,3716.0,0.0,1.0,Y,3716.0,3716.0,0.011302475780409042,Graduate_No
Male,No,0,Not Graduate,No,Rural,120.0,360.0,3189.0,2598.0,1.0,Y,5787.0,5787.0,0.020736132711249352,Not Graduate_No
Female,No,0,Graduate,No,Semiurban,261.5,360.0,8333.0,0.0,1.0,Y,8333.0,8333.0,0.03138125525021001,Graduate_No
Male,Yes,1,Graduate,No,Semiurban,140.0,360.0,3155.0,1779.0,1.0,Y,4934.0,2467.0,0.02837454398054317,Graduate_No
Male,Yes,1,Graduate,No,Rural,170.0,360.0,5500.0,1260.0,1.0,Y,6760.0,3380.0,0.02514792899408284,Graduate_No
Male,Yes,0,Graduate,No,Urban,255.0,360.0,5746.0,0.0,1.0,N,5746.0,5746.0,0.04437869822485207,Graduate_No
Female,No,0,Graduate,Yes,Urban,122.0,360.0,3463.0,0.0,1.0,Y,3463.0,3463.0,0.03522956973722206,Graduate_Yes
Female,No,1,Graduate,No,Rural,112.0,360.0,3812.0,0.0,1.0,Y,3812.0,1906.0,0.02938090241343127,Graduate_No
Male,Yes,1,Graduate,No,Semiurban,96.0,360.0,3315.0,0.0,1.0,Y,3315.0,1657.5,0.02895927601809955,Graduate_No
Male,Yes,2,Graduate,No,Rural,120.0,360.0,5819.0,5000.0,1.0,Y,10819.0,3606.3333333333335,0.01109159811442832,Graduate_No
Male,Yes,1,Not Graduate,No,Urban,140.0,180.0,2510.0,1983.0,1.0,N,4493.0,2246.5,0.031159581571333184,Not Graduate_No
Male,No,0,Graduate,No,Urban,155.0,60.0,2965.0,5701.0,1.0,Y,8666.0,8666.0,0.017885991230094624,Graduate_No
Male,Yes,2,Graduate,Yes,Rural,108.0,360.0,6250.0,1300.0,1.0,Y,7550.0,2516.6666666666665,0.014304635761589404,Graduate_Yes
Male,Yes,0,Not Graduate,No,Semiurban,123.0,360.0,3406.0,4417.0,1.0,Y,7823.0,7823.0,0.01572286846478333,Not Graduate_No
Male,No,0,Graduate,Yes,Urban,120.0,180.0,6050.0,4333.0,1.0,N,10383.0,10383.0,0.011557353366079168,Graduate_Yes
Male,Yes,2,Graduate,No,Urban,112.0,360.0,9703.0,0.0,1.0,Y,9703.0,3234.3333333333335,0.011542821807688343,Graduate_No
Male,Yes,1,Not Graduate,No,Urban,137.0,180.0,6608.0,0.0,1.0,Y,6608.0,3304.0,0.020732445520581115,Not Graduate_No
Male,Yes,1,Graduate,No,Semiurban,123.0,480.0,2882.0,1843.0,1.0,Y,4725.0,2362.5,0.02603174603174603,Graduate_No
Male,Yes,0,Graduate,No,Urban,90.0,360.0,1809.0,1868.0,1.0,Y,3677.0,3677.0,0.024476475387544192,Graduate_No
Male,Yes,0,Not Graduate,No,Semiurban,201.0,360.0,1668.0,3890.0,0.0,N,5558.0,5558.0,0.0361640878013674,Not Graduate_No
Female,No,2,Graduate,No,Urban,138.0,360.0,3427.0,0.0,1.0,N,3427.0,1142.3333333333333,0.040268456375838924,Graduate_No
Male,No,0,Not Graduate,Yes,Rural,104.0,360.0,2583.0,2167.0,1.0,Y,4750.0,4750.0,0.021894736842105262,Not Graduate_Yes
Male,Yes,1,Not Graduate,No,Semiurban,261.5,180.0,2661.0,5743.125,1.0,Y,8404.125,4202.0625,0.031115672363273988,Not Graduate_No
Male,No,0,Graduate,Yes,Urban,192.0,360.0,10171.25,0.0,0.0,N,10171.25,10171.25,0.018876735897751015,Graduate_Yes
Female,No,3,Graduate,No,Rural,255.0,360.0,3083.0,0.0,1.0,Y,3083.0,770.75,0.08271164450210834,Graduate_No
Male,No,0,Not Graduate,No,Rural,115.0,360.0,6045.0,0.0,0.0,N,6045.0,6045.0,0.01902398676592225,Not Graduate_No
Male,Yes,3,Graduate,No,Urban,94.0,360.0,5250.0,0.0,1.0,N,5250.0,1312.5,0.017904761904761906,Graduate_No
Male,Yes,0,Graduate,No,Rural,261.5,360.0,10171.25,2100.0,1.0,N,12271.25,12271.25,0.021309972496689415,Graduate_No
Male,Yes,3,Not Graduate,No,Semiurban,128.0,360.0,4931.0,0.0,1.0,N,4931.0,1232.75,0.02595822348408031,Not Graduate_No
Male,Yes,1,Graduate,No,Urban,261.5,360.0,6083.0,4250.0,1.0,Y,10333.0,5166.5,0.025307267976386334,Graduate_No
Male,No,0,Graduate,No,Semiurban,134.0,360.0,2060.0,2209.0,1.0,Y,4269.0,4269.0,0.03138908409463575,Graduate_No
Female,No,1,Graduate,No,Semiurban,155.0,36.0,3481.0,0.0,1.0,N,3481.0,1740.5,0.04452743464521689,Graduate_No
Female,No,0,Graduate,No,Rural,120.0,360.0,7200.0,0.0,1.0,Y,7200.0,7200.0,0.016666666666666666,Graduate_No
Male,No,0,Graduate,Yes,Semiurban,128.0,360.0,5166.0,0.0,1.0,Y,5166.0,5166.0,0.024777390631049168,Graduate_Yes
Male,No,0,Graduate,No,Rural,151.0,360.0,4095.0,3447.0,1.0,Y,7542.0,7542.0,0.02002121453195439,Graduate_No
Male,Yes,2,Graduate,No,Semiurban,150.0,360.0,4708.0,1387.0,1.0,Y,6095.0,2031.6666666666667,0.02461033634126333,Graduate_No
Male,Yes,3,Graduate,No,Urban,160.0,360.0,4333.0,1811.0,0.0,Y,6144.0,1536.0,0.026041666666666668,Graduate_No
Female,No,0,Graduate,No,Rural,135.0,360.0,3418.0,0.0,1.0,N,3418.0,3418.0,0.03949678174370977,Graduate_No
Female,No,1,Graduate,No,Urban,90.0,360.0,2876.0,1560.0,1.0,Y,4436.0,2218.0,0.02028854824165915,Graduate_No
Female,No,0,Graduate,No,Urban,30.0,360.0,3237.0,0.0,1.0,Y,3237.0,3237.0,0.009267840593141797,Graduate_No
Male,Yes,0,Graduate,No,Urban,136.0,360.0,10171.25,0.0,1.0,Y,10171.25,10171.25,0.013371021260906968,Graduate_No
Male,No,0,Graduate,No,Rural,126.0,360.0,2833.0,1857.0,1.0,Y,4690.0,4690.0,0.026865671641791045,Graduate_No
Male,Yes,0,Graduate,No,Semiurban,150.0,360.0,2620.0,2223.0,1.0,Y,4843.0,4843.0,0.03097253768325418,Graduate_No
Male,Yes,2,Graduate,No,Semiurban,90.0,360.0,3900.0,0.0,1.0,Y,3900.0,1300.0,0.023076923076923078,Graduate_No
Male,Yes,1,Graduate,No,Semiurban,115.0,360.0,2750.0,1842.0,1.0,Y,4592.0,2296.0,0.02504355400696864,Graduate_No
Male,Yes,0,Graduate,No,Semiurban,207.0,360.0,3993.0,3274.0,1.0,Y,7267.0,7267.0,0.02848493188385854,Graduate_No
Male,Yes,0,Graduate,No,Urban,80.0,360.0,3103.0,1300.0,1.0,Y,4403.0,4403.0,0.018169429934135818,Graduate_No
Male,Yes,0,Graduate,No,Semiurban,261.5,360.0,10171.25,0.0,1.0,Y,10171.25,10171.25,0.025709721027405676,Graduate_No
Female,Yes,0,Not Graduate,No,Rural,124.0,360.0,4100.0,0.0,1.0,Y,4100.0,4100.0,0.03024390243902439,Not Graduate_No
Male,No,1,Not Graduate,Yes,Urban,158.0,360.0,4053.0,2426.0,0.0,N,6479.0,3239.5,0.02438647939496836,Not Graduate_Yes
Male,Yes,0,Graduate,No,Semiurban,112.0,360.0,3927.0,800.0,1.0,Y,4727.0,4727.0,0.0236936746350751,Graduate_No
Male,Yes,2,Graduate,No,Urban,78.0,180.0,2301.0,985.7999878,1.0,Y,3286.7999878,1095.5999959333333,0.023731288879615956,Graduate_No
Female,No,0,Graduate,No,Urban,54.0,360.0,1811.0,1666.0,1.0,Y,3477.0,3477.0,0.015530629853321829,Graduate_No
Male,Yes,0,Graduate,No,Rural,128.0,360.0,10171.25,0.0,1.0,N,10171.25,10171.25,0.012584490598500676,Graduate_No
Male,No,0,Graduate,No,Rural,89.0,360.0,3158.0,3053.0,1.0,Y,6211.0,6211.0,0.014329415553051039,Graduate_No
Female,No,0,Graduate,Yes,Semiurban,99.0,300.0,2600.0,1717.0,1.0,N,4317.0,4317.0,0.022932592077831826,Graduate_Yes
Male,Yes,0,Graduate,No,Rural,120.0,360.0,3704.0,2000.0,1.0,Y,5704.0,5704.0,0.021037868162692847,Graduate_No
Female,No,0,Graduate,No,Semiurban,115.0,360.0,4124.0,0.0,1.0,Y,4124.0,4124.0,0.027885548011639186,Graduate_No
Male,No,0,Graduate,No,Rural,187.0,360.0,9508.0,0.0,1.0,Y,9508.0,9508.0,0.019667648296171646,Graduate_No
Male,Yes,0,Graduate,No,Rural,139.0,360.0,3075.0,2416.0,1.0,Y,5491.0,5491.0,0.025314150427973046,Graduate_No
Male,Yes,2,Graduate,No,Semiurban,127.0,360.0,4400.0,0.0,0.0,N,4400.0,1466.6666666666667,0.028863636363636362,Graduate_No
Male,Yes,2,Graduate,No,Urban,134.0,360.0,3153.0,1560.0,1.0,Y,4713.0,1571.0,0.028431996605134735,Graduate_No
Female,No,0,Graduate,No,Urban,143.0,480.0,5417.0,0.0,0.0,N,5417.0,5417.0,0.026398375484585564,Graduate_No
Male,Yes,0,Graduate,No,Semiurban,172.0,360.0,2383.0,3334.0,1.0,Y,5717.0,5717.0,0.03008570928808816,Graduate_No
Male,Yes,3,Graduate,No,Urban,110.0,360.0,4416.0,1250.0,1.0,Y,5666.0,1416.5,0.01941404871161313,Graduate_No
Male,Yes,1,Graduate,No,Semiurban,200.0,360.0,6875.0,0.0,1.0,Y,6875.0,3437.5,0.02909090909090909,Graduate_No
Female,Yes,1,Graduate,No,Urban,135.0,360.0,4666.0,0.0,1.0,Y,4666.0,2333.0,0.028932704672096014,Graduate_No
Female,No,0,Graduate,No,Rural,151.0,480.0,5000.0,2541.0,1.0,N,7541.0,7541.0,0.020023869513327144,Graduate_No
Male,Yes,1,Graduate,No,Urban,113.0,360.0,2014.0,2925.0,1.0,N,4939.0,2469.5,0.02287912532901397,Graduate_No
Male,Yes,0,Not Graduate,No,Urban,93.0,360.0,1800.0,2934.0,0.0,N,4734.0,4734.0,0.01964512040557668,Not Graduate_No
Male,Yes,0,Not Graduate,No,Semiurban,105.0,360.0,2875.0,1750.0,1.0,Y,4625.0,4625.0,0.022702702702702703,Not Graduate_No
Female,No,0,Graduate,No,Rural,132.0,360.0,5000.0,0.0,1.0,Y,5000.0,5000.0,0.0264,Graduate_No
Male,Yes,1,Graduate,No,Urban,96.0,360.0,1625.0,1803.0,1.0,Y,3428.0,1714.0,0.028004667444574097,Graduate_No
Male,No,0,Graduate,No,Rural,140.0,360.0,4000.0,2500.0,1.0,Y,6500.0,6500.0,0.021538461538461538,Graduate_No
Male,No,0,Not Graduate,No,Urban,128.0,360.0,2000.0,0.0,1.0,N,2000.0,2000.0,0.064,Not Graduate_No
Female,No,0,Graduate,No,Rural,135.0,360.0,3762.0,1666.0,1.0,Y,5428.0,5428.0,0.024871039056742816,Graduate_No
Female,No,0,Graduate,No,Urban,104.0,360.0,2400.0,1863.0,0.0,N,4263.0,4263.0,0.02439596528266479,Graduate_No
Male,No,0,Graduate,No,Rural,261.5,360.0,10171.25,0.0,1.0,N,10171.25,10171.25,0.025709721027405676,Graduate_No
Male,Yes,2,Not Graduate,No,Rural,185.0,360.0,7667.0,0.0,1.0,Y,7667.0,2555.6666666666665,0.024129385678883526,Not Graduate_No
Female,No,0,Graduate,No,Semiurban,84.0,360.0,2917.0,0.0,1.0,Y,2917.0,2917.0,0.028796708947548853,Graduate_No
Male,No,0,Not Graduate,No,Semiurban,111.0,360.0,2927.0,2405.0,1.0,Y,5332.0,5332.0,0.020817704426106528,Not Graduate_No
Female,No,0,Graduate,No,Rural,56.0,360.0,2507.0,0.0,1.0,Y,2507.0,2507.0,0.022337455125648185,Graduate_No
Male,Yes,2,Graduate,Yes,Rural,144.0,84.0,5746.0,0.0,1.0,Y,5746.0,1915.3333333333333,0.025060911938739994,Graduate_Yes
Male,Yes,0,Graduate,No,Rural,159.0,360.0,2473.0,1843.0,1.0,N,4316.0,4316.0,0.036839666357738644,Graduate_No
Male,Yes,1,Not Graduate,No,Urban,111.0,180.0,3399.0,1640.0,1.0,Y,5039.0,2519.5,0.022028180194483032,Not Graduate_No
Male,Yes,2,Graduate,No,Semiurban,120.0,360.0,3717.0,0.0,1.0,Y,3717.0,1239.0,0.03228410008071025,Graduate_No
Male,Yes,0,Graduate,No,Urban,88.0,360.0,2058.0,2134.0,1.0,Y,4192.0,4192.0,0.02099236641221374,Graduate_No
Female,No,1,Graduate,No,Semiurban,112.0,360.0,3541.0,0.0,1.0,Y,3541.0,1770.5,0.031629483196837054,Graduate_No
Male,Yes,1,Graduate,Yes,Rural,155.0,360.0,10000.0,0.0,1.0,N,10000.0,5000.0,0.0155,Graduate_Yes
Male,Yes,0,Graduate,No,Semiurban,115.0,360.0,2400.0,2167.0,1.0,Y,4567.0,4567.0,0.025180643748631486,Graduate_No
Male,Yes,3,Graduate,No,Semiurban,124.0,360.0,4342.0,189.0,1.0,Y,4531.0,1132.75,0.027367027146325315,Graduate_No
Male,Yes,2,Not Graduate,No,Rural,128.0,360.0,3601.0,1590.0,1.0,Y,5191.0,1730.3333333333333,0.024658062030437296,Not Graduate_No
Female,No,0,Graduate,No,Rural,132.0,360.0,3166.0,2985.0,1.0,Y,6151.0,6151.0,0.021459925215412127,Graduate_No
Male,Yes,3,Graduate,No,Rural,261.5,360.0,10171.25,0.0,1.0,Y,10171.25,2542.8125,0.025709721027405676,Graduate_No
Male,Yes,1,Graduate,Yes,Rural,261.5,360.0,8666.0,4983.0,0.0,N,13649.0,6824.5,0.019158912740860137,Graduate_Yes
Male,No,0,Graduate,No,Rural,130.0,360.0,4917.0,0.0,0.0,Y,4917.0,4917.0,0.026438885499288182,Graduate_No
Male,Yes,0,Graduate,Yes,Semiurban,184.0,360.0,5818.0,2160.0,1.0,Y,7978.0,7978.0,0.023063424417147156,Graduate_Yes
Female,Yes,0,Graduate,No,Urban,110.0,360.0,4333.0,2451.0,1.0,N,6784.0,6784.0,0.016214622641509434,Graduate_No
Female,No,0,Graduate,No,Urban,67.0,360.0,2500.0,0.0,1.0,Y,2500.0,2500.0,0.0268,Graduate_No
Male,No,1,Graduate,No,Urban,117.0,360.0,4384.0,1793.0,1.0,Y,6177.0,3088.5,0.01894123360854784,Graduate_No
Male,No,0,Graduate,No,Semiurban,98.0,360.0,2935.0,0.0,1.0,Y,2935.0,2935.0,0.03339011925042589,Graduate_No
Male,No,0,Graduate,No,Urban,71.0,360.0,2833.0,0.0,1.0,Y,2833.0,2833.0,0.025061771973173313,Graduate_No
Male,Yes,0,Graduate,No,Urban,261.5,180.0,10171.25,0.0,1.0,Y,10171.25,10171.25,0.025709721027405676,Graduate_No
Male,Yes,1,Graduate,Yes,Urban,182.0,180.0,9833.0,1833.0,1.0,Y,11666.0,5833.0,0.015600891479513115,Graduate_Yes
Male,Yes,0,Graduate,Yes,Semiurban,70.0,360.0,5503.0,4490.0,1.0,Y,9993.0,9993.0,0.007004903432402682,Graduate_Yes
Male,Yes,1,Graduate,No,Rural,160.0,360.0,5250.0,688.0,1.0,Y,5938.0,2969.0,0.02694509936005389,Graduate_No
Male,Yes,2,Graduate,Yes,Rural,176.0,360.0,2500.0,4600.0,1.0,Y,7100.0,2366.6666666666665,0.024788732394366197,Graduate_Yes
Female,No,3,Not Graduate,No,Urban,128.0,360.0,1830.0,0.0,0.0,N,1830.0,457.5,0.06994535519125683,Not Graduate_No
Female,No,0,Graduate,No,Semiurban,71.0,360.0,4160.0,0.0,1.0,Y,4160.0,4160.0,0.01706730769230769,Graduate_No
Male,Yes,3,Not Graduate,No,Rural,173.0,360.0,2647.0,1587.0,1.0,N,4234.0,1058.5,0.040859707132735006,Not Graduate_No
Female,No,0,Graduate,No,Rural,46.0,360.0,2378.0,0.0,1.0,N,2378.0,2378.0,0.01934398654331371,Graduate_No
Male,Yes,1,Not Graduate,No,Urban,158.0,360.0,4554.0,1229.0,1.0,Y,5783.0,2891.5,0.027321459450112398,Not Graduate_No
Male,Yes,3,Not Graduate,No,Semiurban,74.0,360.0,3173.0,0.0,1.0,Y,3173.0,793.25,0.023321777497636306,Not Graduate_No
Male,Yes,2,Graduate,No,Rural,125.0,360.0,2583.0,2330.0,1.0,Y,4913.0,1637.6666666666667,0.0254427030327702,Graduate_No
Male,Yes,0,Graduate,No,Semiurban,160.0,360.0,2499.0,2458.0,1.0,Y,4957.0,4957.0,0.03227758725035303,Graduate_No
Male,Yes,0,Not Graduate,No,Rural,152.0,360.0,3523.0,3230.0,0.0,N,6753.0,6753.0,0.02250851473419221,Not Graduate_No
Male,Yes,2,Not Graduate,No,Urban,126.0,360.0,3083.0,2168.0,1.0,Y,5251.0,1750.3333333333333,0.023995429442011044,Not Graduate_No
Male,Yes,0,Graduate,No,Semiurban,259.0,360.0,6333.0,4583.0,1.0,Y,10916.0,10916.0,0.02372663979479663,Graduate_No
Male,Yes,0,Graduate,No,Rural,187.0,360.0,2625.0,5743.125,1.0,Y,8368.125,8368.125,0.02234670251699156,Graduate_No
Male,Yes,0,Graduate,No,Semiurban,228.0,360.0,9083.0,0.0,1.0,Y,9083.0,9083.0,0.025101838599581636,Graduate_No
Male,No,0,Graduate,No,Rural,261.5,360.0,8750.0,4167.0,1.0,N,12917.0,12917.0,0.02024463884802973,Graduate_No
Male,Yes,3,Graduate,No,Rural,95.0,360.0,2666.0,2083.0,1.0,Y,4749.0,1187.25,0.02000421141292904,Graduate_No
Female,Yes,0,Graduate,Yes,Rural,105.0,360.0,5500.0,0.0,0.0,N,5500.0,5500.0,0.019090909090909092,Graduate_Yes
Female,Yes,0,Graduate,No,Semiurban,130.0,360.0,2423.0,505.0,1.0,Y,2928.0,2928.0,0.04439890710382514,Graduate_No
Female,No,0,Graduate,No,Urban,116.0,180.0,3813.0,0.0,1.0,Y,3813.0,3813.0,0.03042223970626803,Graduate_No
Male,Yes,2,Graduate,No,Rural,165.0,360.0,8333.0,3167.0,1.0,Y,11500.0,3833.3333333333335,0.014347826086956521,Graduate_No
Male,Yes,1,Graduate,No,Urban,67.0,360.0,3875.0,0.0,1.0,N,3875.0,1937.5,0.01729032258064516,Graduate_No
Male,Yes,0,Not Graduate,No,Urban,100.0,480.0,3000.0,1666.0,0.0,N,4666.0,4666.0,0.021431633090441493,Not Graduate_No
Male,Yes,3,Graduate,No,Semiurban,200.0,360.0,5167.0,3167.0,1.0,Y,8334.0,2083.5,0.023998080153587713,Graduate_No
Female,No,1,Graduate,No,Semiurban,81.0,360.0,4723.0,0.0,1.0,N,4723.0,2361.5,0.017150116451408005,Graduate_No
Male,Yes,2,Graduate,No,Semiurban,236.0,360.0,5000.0,3667.0,1.0,Y,8667.0,2889.0,0.027229721933771777,Graduate_No
Male,Yes,0,Graduate,No,Urban,130.0,360.0,4750.0,2333.0,1.0,Y,7083.0,7083.0,0.01835380488493576,Graduate_No
Male,Yes,0,Graduate,No,Urban,95.0,300.0,3013.0,3033.0,1.0,Y,6046.0,6046.0,0.0157128680119087,Graduate_No
Male,No,0,Graduate,Yes,Rural,141.0,360.0,6822.0,0.0,1.0,Y,6822.0,6822.0,0.020668425681618294,Graduate_Yes
Male,No,0,Not Graduate,No,Rural,133.0,360.0,6216.0,0.0,1.0,N,6216.0,6216.0,0.021396396396396396,Not Graduate_No
Male,No,0,Graduate,No,Semiurban,96.0,480.0,2500.0,0.0,1.0,N,2500.0,2500.0,0.0384,Graduate_No
Male,No,0,Graduate,No,Rural,124.0,360.0,5124.0,0.0,0.0,N,5124.0,5124.0,0.02419984387197502,Graduate_No
Male,Yes,1,Graduate,No,Semiurban,175.0,360.0,6325.0,0.0,1.0,Y,6325.0,3162.5,0.02766798418972332,Graduate_No
Male,Yes,0,Graduate,No,Rural,261.5,360.0,10171.25,5266.0,1.0,N,15437.25,15437.25,0.0169395455796855,Graduate_No
Female,No,0,Graduate,Yes,Semiurban,55.0,360.0,10171.25,0.0,1.0,Y,10171.25,10171.25,0.005407398304043259,Graduate_Yes
Male,Yes,2,Graduate,No,Semiurban,155.0,360.0,5185.0,0.0,1.0,Y,5185.0,1728.3333333333333,0.029893924783027964,Graduate_No
Male,Yes,2,Graduate,Yes,Rural,261.5,300.0,9323.0,5743.125,1.0,Y,15066.125,5022.041666666667,0.01735681869093745,Graduate_Yes
Male,No,1,Graduate,No,Urban,111.0,180.0,3062.0,1987.0,0.0,N,5049.0,2524.5,0.021984551396316103,Graduate_No
Female,No,0,Graduate,No,Urban,110.0,360.0,2764.0,1459.0,1.0,Y,4223.0,4223.0,0.02604783329386692,Graduate_No
Male,Yes,0,Graduate,No,Urban,120.0,180.0,4817.0,923.0,1.0,Y,5740.0,5740.0,0.020905923344947737,Graduate_No
Male,Yes,3,Graduate,No,Rural,130.0,360.0,8750.0,4996.0,1.0,Y,13746.0,3436.5,0.009457296668121635,Graduate_No
Male,Yes,0,Graduate,No,Semiurban,130.0,360.0,4310.0,0.0,1.0,Y,4310.0,4310.0,0.030162412993039442,Graduate_No
Male,No,0,Graduate,No,Urban,71.0,480.0,3069.0,0.0,1.0,N,3069.0,3069.0,0.023134571521668295,Graduate_No
Male,Yes,2,Graduate,No,Urban,130.0,360.0,5391.0,0.0,1.0,Y,5391.0,1797.0,0.024114264514932295,Graduate_No
Male,Yes,0,Graduate,No,Semiurban,128.0,360.0,3333.0,2500.0,1.0,Y,5833.0,5833.0,0.021944111092062405,Graduate_No
Male,No,0,Graduate,No,Semiurban,261.5,360.0,5941.0,4232.0,1.0,Y,10173.0,10173.0,0.0257052983387398,Graduate_No
Female,No,0,Graduate,No,Urban,156.0,360.0,6000.0,0.0,1.0,Y,6000.0,6000.0,0.026,Graduate_No
Male,No,0,Graduate,Yes,Urban,128.0,360.0,7167.0,0.0,1.0,Y,7167.0,7167.0,0.017859634435607646,Graduate_Yes
Male,Yes,2,Graduate,No,Urban,100.0,360.0,4566.0,0.0,1.0,N,4566.0,1522.0,0.021901007446342532,Graduate_No
Male,No,1,Graduate,No,Urban,113.0,180.0,3667.0,0.0,1.0,Y,3667.0,1833.5,0.030815380419961822,Graduate_No
Male,No,0,Not Graduate,No,Semiurban,132.0,360.0,2346.0,1600.0,1.0,Y,3946.0,3946.0,0.03345159655347187,Not Graduate_No
Male,Yes,0,Not Graduate,No,Urban,128.0,360.0,3010.0,3136.0,0.0,N,6146.0,6146.0,0.02082655385616661,Not Graduate_No
Male,Yes,0,Graduate,No,Urban,136.0,360.0,2333.0,2417.0,1.0,Y,4750.0,4750.0,0.02863157894736842,Graduate_No
Male,Yes,0,Graduate,No,Rural,125.0,360.0,5488.0,0.0,1.0,Y,5488.0,5488.0,0.022776967930029153,Graduate_No
Male,No,3,Graduate,No,Rural,185.0,360.0,9167.0,0.0,1.0,Y,9167.0,2291.75,0.020181084324206393,Graduate_No
Male,Yes,3,Graduate,No,Rural,261.5,360.0,9504.0,0.0,1.0,Y,9504.0,2376.0,0.02751473063973064,Graduate_No
Male,Yes,0,Graduate,No,Urban,120.0,360.0,2583.0,2115.0,1.0,Y,4698.0,4698.0,0.02554278416347382,Graduate_No
Male,Yes,2,Not Graduate,No,Semiurban,113.0,180.0,1993.0,1625.0,1.0,Y,3618.0,1206.0,0.03123272526257601,Not Graduate_No
Male,Yes,2,Graduate,No,Urban,113.0,360.0,3100.0,1400.0,1.0,Y,4500.0,1500.0,0.025111111111111112,Graduate_No
Male,Yes,2,Graduate,No,Semiurban,135.0,360.0,3276.0,484.0,1.0,Y,3760.0,1253.3333333333333,0.03590425531914894,Graduate_No
Female,No,0,Graduate,No,Urban,71.0,360.0,3180.0,0.0,0.0,N,3180.0,3180.0,0.02232704402515723,Graduate_No
Male,Yes,0,Graduate,No,Urban,95.0,360.0,3033.0,1459.0,1.0,Y,4492.0,4492.0,0.021148708815672306,Graduate_No
Male,No,0,Not Graduate,No,Rural,109.0,360.0,3902.0,1666.0,1.0,Y,5568.0,5568.0,0.019576149425287355,Not Graduate_No
Female,No,0,Graduate,No,Semiurban,103.0,360.0,1500.0,1800.0,0.0,N,3300.0,3300.0,0.031212121212121212,Graduate_No
Male,Yes,2,Not Graduate,No,Urban,45.0,180.0,2889.0,0.0,0.0,N,2889.0,963.0,0.01557632398753894,Not Graduate_No
Male,No,0,Not Graduate,No,Rural,65.0,300.0,2755.0,0.0,1.0,N,2755.0,2755.0,0.023593466424682397,Not Graduate_No
Male,No,0,Graduate,No,Semiurban,103.0,360.0,2500.0,5743.125,1.0,Y,8243.125,8243.125,0.01249526120251725,Graduate_No
Female,No,0,Not Graduate,No,Semiurban,53.0,360.0,1963.0,0.0,1.0,Y,1963.0,1963.0,0.026999490575649515,Not Graduate_No
Female,No,0,Graduate,Yes,Rural,194.0,360.0,7441.0,0.0,1.0,N,7441.0,7441.0,0.026071764547775836,Graduate_Yes
Female,No,0,Graduate,No,Semiurban,115.0,360.0,4547.0,0.0,1.0,Y,4547.0,4547.0,0.025291400923685946,Graduate_No
Male,Yes,0,Not Graduate,No,Urban,115.0,360.0,2167.0,2400.0,1.0,Y,4567.0,4567.0,0.025180643748631486,Not Graduate_No
Female,No,0,Not Graduate,No,Rural,66.0,360.0,2213.0,0.0,1.0,Y,2213.0,2213.0,0.0298237686398554,Not Graduate_No
Male,Yes,1,Graduate,No,Semiurban,152.0,300.0,8300.0,0.0,0.0,N,8300.0,4150.0,0.018313253012048194,Graduate_No
Male,Yes,3,Graduate,No,Rural,261.5,360.0,10171.25,0.0,0.0,N,10171.25,2542.8125,0.025709721027405676,Graduate_No
Female,No,1,Not Graduate,Yes,Semiurban,62.0,360.0,3867.0,0.0,1.0,N,3867.0,1933.5,0.016033100594776313,Not Graduate_Yes
Male,Yes,0,Graduate,No,Urban,160.0,360.0,6256.0,0.0,1.0,Y,6256.0,6256.0,0.02557544757033248,Graduate_No
Male,Yes,0,Not Graduate,No,Rural,218.0,360.0,6096.0,0.0,0.0,N,6096.0,6096.0,0.035761154855643046,Not Graduate_No
Male,Yes,0,Not Graduate,No,Rural,110.0,360.0,2253.0,2033.0,1.0,Y,4286.0,4286.0,0.025664955669622024,Not Graduate_No
Female,Yes,0,Not Graduate,No,Semiurban,178.0,360.0,2149.0,3237.0,0.0,N,5386.0,5386.0,0.03304864463423691,Not Graduate_No
Female,No,0,Graduate,No,Urban,60.0,360.0,2995.0,0.0,1.0,Y,2995.0,2995.0,0.02003338898163606,Graduate_No
Female,No,1,Graduate,No,Urban,160.0,360.0,2600.0,0.0,1.0,N,2600.0,1300.0,0.06153846153846154,Graduate_No
Male,Yes,2,Graduate,Yes,Urban,239.0,360.0,1600.0,5743.125,1.0,N,7343.125,2447.7083333333335,0.032547450846880585,Graduate_Yes
Male,Yes,0,Graduate,No,Rural,112.0,360.0,1025.0,2773.0,1.0,Y,3798.0,3798.0,0.02948920484465508,Graduate_No
Male,Yes,0,Graduate,No,Semiurban,138.0,360.0,3246.0,1417.0,1.0,Y,4663.0,4663.0,0.029594681535492173,Graduate_No
Male,Yes,0,Graduate,No,Rural,138.0,360.0,5829.0,0.0,1.0,Y,5829.0,5829.0,0.023674729799279464,Graduate_No
Female,No,0,Not Graduate,No,Urban,80.0,360.0,2720.0,0.0,0.0,N,2720.0,2720.0,0.029411764705882353,Not Graduate_No
Male,Yes,0,Graduate,No,Urban,100.0,360.0,1820.0,1719.0,1.0,Y,3539.0,3539.0,0.028256569652444195,Graduate_No
Male,Yes,1,Graduate,No,Urban,110.0,360.0,7250.0,1667.0,0.0,N,8917.0,4458.5,0.01233598743972188,Graduate_No
Male,Yes,0,Graduate,No,Semiurban,96.0,360.0,10171.25,0.0,1.0,Y,10171.25,10171.25,0.009438367948875507,Graduate_No
Male,Yes,0,Graduate,No,Rural,121.0,360.0,2666.0,4300.0,1.0,Y,6966.0,6966.0,0.01737008326155613,Graduate_No
Female,No,1,Not Graduate,No,Rural,81.0,360.0,4606.0,0.0,1.0,N,4606.0,2303.0,0.017585757707338254,Not Graduate_No
Male,Yes,2,Graduate,No,Semiurban,133.0,360.0,5935.0,0.0,1.0,Y,5935.0,1978.3333333333333,0.02240943555181129,Graduate_No
Male,Yes,0,Graduate,No,Rural,87.0,360.0,2920.0,16.12000084,1.0,Y,2936.12000084,2936.12000084,0.029630941506174818,Graduate_No
Male,No,0,Not Graduate,No,Urban,60.0,180.0,2717.0,0.0,1.0,Y,2717.0,2717.0,0.02208317997791682,Not Graduate_No
Female,No,1,Graduate,Yes,Semiurban,150.0,360.0,8624.0,0.0,1.0,Y,8624.0,4312.0,0.017393320964749538,Graduate_Yes
Male,No,0,Graduate,No,Rural,105.0,360.0,6500.0,0.0,0.0,N,6500.0,6500.0,0.016153846153846154,Graduate_No
Male,No,0,Graduate,No,Semiurban,261.5,360.0,10171.25,0.0,1.0,Y,10171.25,10171.25,0.025709721027405676,Graduate_No
Male,Yes,0,Graduate,No,Semiurban,143.0,360.0,2425.0,2340.0,1.0,Y,4765.0,4765.0,0.030010493179433367,Graduate_No
Male,No,0,Graduate,No,Urban,100.0,360.0,3750.0,0.0,1.0,Y,3750.0,3750.0,0.02666666666666667,Graduate_No
Female,Yes,0,Graduate,No,Semiurban,128.0,240.0,10047.0,0.0,1.0,Y,10047.0,10047.0,0.012740121429282374,Graduate_No
Male,No,0,Graduate,No,Semiurban,50.0,360.0,1926.0,1851.0,1.0,Y,3777.0,3777.0,0.013238019592268996,Graduate_No
Male,Yes,0,Graduate,No,Urban,128.0,360.0,2213.0,1125.0,1.0,Y,3338.0,3338.0,0.03834631515877771,Graduate_No
Male,No,0,Graduate,Yes,Urban,187.0,360.0,10171.25,0.0,0.0,N,10171.25,10171.25,0.01838515423374708,Graduate_Yes
Female,Yes,0,Not Graduate,Yes,Rural,138.0,360.0,7142.0,0.0,1.0,Y,7142.0,7142.0,0.019322318678241388,Not Graduate_Yes
Male,No,0,Graduate,No,Semiurban,187.0,360.0,3660.0,5064.0,1.0,Y,8724.0,8724.0,0.021435121503897293,Graduate_No
Male,Yes,0,Graduate,No,Rural,180.0,360.0,7901.0,1833.0,1.0,Y,9734.0,9734.0,0.018491884117526197,Graduate_No
Male,No,3,Not Graduate,No,Semiurban,148.0,360.0,4707.0,1993.0,1.0,Y,6700.0,1675.0,0.02208955223880597,Not Graduate_No
Male,No,1,Graduate,No,Semiurban,152.0,360.0,10171.25,0.0,1.0,Y,10171.25,5085.625,0.014944082585719552,Graduate_No
Male,Yes,0,Graduate,No,Rural,175.0,300.0,7333.0,5743.125,1.0,Y,13076.125,13076.125,0.013383169708151307,Graduate_No
Male,Yes,1,Graduate,Yes,Rural,130.0,360.0,3466.0,1210.0,1.0,Y,4676.0,2338.0,0.027801539777587682,Graduate_Yes
Male,Yes,2,Not Graduate,No,Rural,110.0,360.0,4652.0,0.0,1.0,Y,4652.0,1550.6666666666667,0.023645743766122097,Not Graduate_No
Male,Yes,0,Graduate,No,Rural,55.0,360.0,3539.0,1376.0,1.0,N,4915.0,4915.0,0.011190233977619531,Graduate_No
Male,Yes,2,Graduate,No,Rural,150.0,360.0,3340.0,1710.0,0.0,N,5050.0,1683.3333333333333,0.0297029702970297,Graduate_No
Male,No,1,Not Graduate,Yes,Semiurban,190.0,360.0,2769.0,1542.0,1.0,N,4311.0,2155.5,0.04407330085826954,Not Graduate_Yes
Male,Yes,2,Not Graduate,No,Rural,125.0,360.0,2309.0,1255.0,0.0,N,3564.0,1188.0,0.035072951739618406,Not Graduate_No
Male,Yes,2,Not Graduate,No,Urban,60.0,300.0,1958.0,1456.0,1.0,Y,3414.0,1138.0,0.01757469244288225,Not Graduate_No
Male,Yes,0,Graduate,No,Rural,149.0,360.0,3948.0,1733.0,0.0,N,5681.0,5681.0,0.02622777679985918,Graduate_No
Male,Yes,0,Graduate,No,Rural,90.0,180.0,2483.0,2466.0,0.0,Y,4949.0,4949.0,0.018185492018589614,Graduate_No
Male,No,0,Graduate,Yes,Semiurban,84.0,360.0,7085.0,0.0,1.0,Y,7085.0,7085.0,0.011856033874382499,Graduate_Yes
Male,Yes,2,Graduate,No,Semiurban,96.0,360.0,3859.0,0.0,1.0,Y,3859.0,1286.3333333333333,0.024876911116869654,Graduate_No
Male,Yes,0,Graduate,No,Urban,118.0,360.0,4301.0,0.0,1.0,Y,4301.0,4301.0,0.027435480120902116,Graduate_No
Male,Yes,0,Graduate,No,Urban,173.0,360.0,3708.0,2569.0,1.0,N,6277.0,6277.0,0.027560936753226063,Graduate_No
Male,No,2,Graduate,No,Rural,136.0,360.0,4354.0,0.0,1.0,Y,4354.0,1451.3333333333333,0.03123564538355535,Graduate_No
Male,Yes,0,Graduate,No,Semiurban,160.0,360.0,8334.0,0.0,1.0,N,8334.0,8334.0,0.01919846412287017,Graduate_No
Male,Yes,0,Graduate,Yes,Semiurban,160.0,360.0,2083.0,4083.0,1.0,Y,6166.0,6166.0,0.025948751216347713,Graduate_Yes
Male,Yes,3,Graduate,No,Urban,128.0,180.0,7740.0,0.0,1.0,Y,7740.0,1935.0,0.016537467700258397,Graduate_No
Male,Yes,0,Graduate,No,Rural,153.0,360.0,3015.0,2188.0,1.0,Y,5203.0,5203.0,0.02940611185854315,Graduate_No
Female,No,1,Not Graduate,No,Semiurban,132.0,360.0,5191.0,0.0,1.0,Y,5191.0,2595.5,0.025428626468888462,Not Graduate_No
Male,No,0,Graduate,No,Semiurban,98.0,360.0,4166.0,0.0,0.0,N,4166.0,4166.0,0.023523763802208355,Graduate_No
Male,No,0,Graduate,No,Rural,140.0,360.0,6000.0,0.0,1.0,Y,6000.0,6000.0,0.023333333333333334,Graduate_No
Male,Yes,3,Not Graduate,No,Urban,70.0,180.0,2947.0,1664.0,0.0,N,4611.0,1152.75,0.015181088700932552,Not Graduate_No
Male,Yes,0,Graduate,No,Semiurban,110.0,360.0,10171.25,0.0,1.0,Y,10171.25,10171.25,0.010814796608086518,Graduate_No
Female,Yes,2,Not Graduate,No,Semiurban,98.0,360.0,210.0,2917.0,1.0,Y,3127.0,1042.3333333333333,0.03133994243684042,Not Graduate_No
Male,Yes,0,Graduate,No,Urban,110.0,360.0,4333.0,2451.0,1.0,N,6784.0,6784.0,0.016214622641509434,Graduate_No
Male,Yes,1,Graduate,Yes,Semiurban,162.0,360.0,3450.0,2079.0,1.0,Y,5529.0,2764.5,0.02930005425935974,Graduate_Yes
Male,Yes,1,Not Graduate,No,Rural,113.0,180.0,2653.0,1500.0,0.0,N,4153.0,2076.5,0.027209246327955693,Not Graduate_No
Male,Yes,3,Graduate,No,Semiurban,100.0,360.0,4691.0,0.0,1.0,Y,4691.0,1172.75,0.021317416329140908,Graduate_No
Female,No,0,Graduate,Yes,Urban,93.0,360.0,2500.0,0.0,1.0,Y,2500.0,2500.0,0.0372,Graduate_Yes
Male,No,2,Graduate,No,Rural,162.0,360.0,5532.0,4648.0,1.0,Y,10180.0,3393.3333333333335,0.015913555992141455,Graduate_No
Male,Yes,2,Graduate,Yes,Rural,150.0,360.0,10171.25,1014.0,1.0,Y,11185.25,3728.4166666666665,0.013410518316532933,Graduate_Yes
Male,Yes,2,Graduate,No,Semiurban,230.0,300.0,6700.0,1750.0,1.0,Y,8450.0,2816.6666666666665,0.027218934911242602,Graduate_No
Male,Yes,2,Graduate,No,Semiurban,132.0,360.0,2873.0,1872.0,0.0,N,4745.0,1581.6666666666667,0.027818756585879872,Graduate_No
Male,Yes,1,Graduate,Yes,Semiurban,86.0,360.0,10171.25,2250.0,1.0,Y,12421.25,6210.625,0.00692361879843011,Graduate_Yes
Male,Yes,2,Graduate,No,Urban,128.0,360.0,2947.0,1603.0,1.0,N,4550.0,1516.6666666666667,0.028131868131868132,Graduate_No
Female,No,0,Not Graduate,No,Rural,154.0,360.0,4350.0,0.0,1.0,Y,4350.0,4350.0,0.035402298850574714,Not Graduate_No
Male,Yes,3,Not Graduate,No,Rural,113.0,360.0,3095.0,0.0,1.0,Y,3095.0,773.75,0.03651050080775444,Not Graduate_No
Male,Yes,0,Graduate,No,Semiurban,128.0,360.0,2083.0,3150.0,1.0,Y,5233.0,5233.0,0.024460156697878845,Graduate_No
Male,Yes,0,Graduate,No,Semiurban,234.0,360.0,10171.25,0.0,1.0,Y,10171.25,10171.25,0.023006021875384048,Graduate_No
Male,Yes,2,Graduate,No,Semiurban,246.0,360.0,8333.0,0.0,1.0,Y,8333.0,2777.6666666666665,0.029521180847233888,Graduate_No
Male,Yes,1,Not Graduate,No,Rural,131.0,360.0,1958.0,2436.0,1.0,Y,4394.0,2197.0,0.029813381884387802,Not Graduate_No
Male,No,2,Graduate,No,Rural,80.0,360.0,3547.0,0.0,0.0,N,3547.0,1182.3333333333333,0.02255427121511136,Graduate_No
Male,Yes,1,Graduate,No,Urban,261.5,360.0,10171.25,0.0,1.0,N,10171.25,5085.625,0.025709721027405676,Graduate_No
Male,Yes,2,Graduate,Yes,Semiurban,160.0,360.0,4583.0,2083.0,1.0,Y,6666.0,2222.0,0.024002400240024,Graduate_Yes
Male,No,0,Graduate,No,Urban,75.0,360.0,2435.0,0.0,1.0,N,2435.0,2435.0,0.030800821355236138,Graduate_No
Male,No,0,Not Graduate,No,Semiurban,96.0,360.0,2699.0,2785.0,1.0,Y,5484.0,5484.0,0.0175054704595186,Not Graduate_No
Male,Yes,1,Not Graduate,No,Urban,186.0,360.0,5333.0,1131.0,1.0,Y,6464.0,3232.0,0.028774752475247526,Not Graduate_No
Male,No,0,Not Graduate,No,Rural,110.0,360.0,3691.0,0.0,1.0,Y,3691.0,3691.0,0.029802221620157138,Not Graduate_No
Female,No,0,Not Graduate,Yes,Semiurban,225.0,360.0,10171.25,0.0,1.0,Y,10171.25,10171.25,0.02212117488017697,Not Graduate_Yes
Male,Yes,0,Graduate,No,Rural,119.0,360.0,3597.0,2157.0,0.0,N,5754.0,5754.0,0.02068126520681265,Graduate_No
Female,Yes,1,Graduate,No,Semiurban,105.0,84.0,3326.0,913.0,1.0,Y,4239.0,2119.5,0.024769992922859165,Graduate_No
Male,Yes,0,Not Graduate,No,Rural,107.0,360.0,2600.0,1700.0,1.0,Y,4300.0,4300.0,0.02488372093023256,Not Graduate_No
Male,Yes,0,Graduate,No,Urban,111.0,12.0,4625.0,2857.0,1.0,Y,7482.0,7482.0,0.01483560545308741,Graduate_No
Male,Yes,1,Graduate,Yes,Semiurban,95.0,360.0,2895.0,0.0,1.0,Y,2895.0,1447.5,0.03281519861830743,Graduate_Yes
Male,No,0,Graduate,No,Rural,209.0,360.0,6283.0,4416.0,0.0,N,10699.0,10699.0,0.019534535937938125,Graduate_No
Female,No,0,Graduate,No,Rural,113.0,480.0,645.0,3683.0,1.0,Y,4328.0,4328.0,0.0261090573012939,Graduate_No
Female,No,0,Graduate,No,Semiurban,100.0,360.0,3159.0,0.0,1.0,Y,3159.0,3159.0,0.03165558721114277,Graduate_No
Male,Yes,2,Graduate,No,Semiurban,208.0,360.0,4865.0,5624.0,1.0,Y,10489.0,3496.3333333333335,0.01983029840785585,Graduate_No
Male,Yes,1,Not Graduate,No,Rural,138.0,360.0,4050.0,5302.0,1.0,N,9352.0,4676.0,0.014756201881950384,Not Graduate_No
Male,Yes,0,Not Graduate,No,Semiurban,124.0,300.0,3814.0,1483.0,1.0,Y,5297.0,5297.0,0.0234094770624882,Not Graduate_No
Male,Yes,2,Graduate,No,Rural,243.0,360.0,3510.0,4416.0,1.0,Y,7926.0,2642.0,0.030658591975775928,Graduate_No
Male,Yes,0,Graduate,No,Urban,261.5,360.0,10171.25,5743.125,1.0,Y,15914.375,15914.375,0.016431685190276088,Graduate_No
Male,No,0,Graduate,No,Urban,96.0,360.0,3583.0,0.0,1.0,N,3583.0,3583.0,0.026793190064192018,Graduate_No
Male,Yes,0,Graduate,Yes,Urban,188.0,360.0,2479.0,3013.0,1.0,Y,5492.0,5492.0,0.03423160961398398,Graduate_Yes
Female,No,1,Graduate,No,Urban,40.0,360.0,10171.25,0.0,1.0,Y,10171.25,5085.625,0.003932653312031461,Graduate_No
Male,No,0,Not Graduate,No,Rural,100.0,360.0,3598.0,1287.0,1.0,N,4885.0,4885.0,0.02047082906857728,Not Graduate_No
Male,Yes,1,Graduate,No,Semiurban,250.0,360.0,6065.0,2004.0,1.0,Y,8069.0,4034.5,0.030982773577890692,Graduate_No
Male,Yes,2,Graduate,No,Urban,148.0,360.0,3283.0,2035.0,1.0,Y,5318.0,1772.6666666666667,0.027830011282437006,Graduate_No
Male,Yes,0,Graduate,No,Semiurban,70.0,180.0,2130.0,5743.125,1.0,N,7873.125,7873.125,0.008891005795030563,Graduate_No
Male,No,0,Graduate,No,Rural,261.5,360.0,5815.0,3666.0,1.0,N,9481.0,9481.0,0.02758147874696762,Graduate_No
Male,Yes,3,Graduate,No,Rural,150.0,360.0,3466.0,3428.0,1.0,Y,6894.0,1723.5,0.02175805047867711,Graduate_No
Female,Yes,2,Graduate,No,Semiurban,113.0,480.0,2031.0,1632.0,1.0,Y,3663.0,1221.0,0.03084903084903085,Graduate_No
Male,Yes,0,Not Graduate,No,Semiurban,123.0,360.0,3074.0,1800.0,0.0,N,4874.0,4874.0,0.025235945835043086,Not Graduate_No
Male,No,0,Graduate,No,Semiurban,185.0,360.0,4683.0,1915.0,1.0,N,6598.0,6598.0,0.02803879963625341,Graduate_No
Female,No,0,Not Graduate,No,Rural,95.0,360.0,3400.0,0.0,1.0,N,3400.0,3400.0,0.027941176470588237,Not Graduate_No
Male,Yes,2,Not Graduate,No,Semiurban,45.0,360.0,2192.0,1742.0,1.0,Y,3934.0,1311.3333333333333,0.011438739196746314,Not Graduate_No
Male,No,0,Graduate,No,Semiurban,55.0,360.0,2500.0,0.0,1.0,Y,2500.0,2500.0,0.022,Graduate_No
Male,Yes,3,Graduate,Yes,Rural,100.0,360.0,5677.0,1424.0,1.0,Y,7101.0,1775.25,0.01408252358822701,Graduate_Yes
Male,Yes,2,Graduate,Yes,Rural,261.5,360.0,7948.0,5743.125,1.0,Y,13691.125,4563.708333333333,0.01909996439299181,Graduate_Yes
Male,No,0,Graduate,No,Semiurban,128.0,360.0,4680.0,2087.0,1.0,N,6767.0,6767.0,0.01891532436825772,Graduate_No
Male,Yes,2,Graduate,Yes,Rural,261.5,360.0,10171.25,0.0,1.0,Y,10171.25,3390.4166666666665,0.025709721027405676,Graduate_Yes
Male,Yes,0,Graduate,No,Semiurban,110.0,360.0,3775.0,0.0,1.0,Y,3775.0,3775.0,0.02913907284768212,Graduate_No
Male,Yes,1,Not Graduate,No,Semiurban,161.0,360.0,5285.0,1430.0,0.0,Y,6715.0,3357.5,0.023976172747580043,Not Graduate_No
Male,No,1,Not Graduate,No,Semiurban,94.0,360.0,2679.0,1302.0,1.0,Y,3981.0,1990.5,0.02361215774930922,Not Graduate_No
Male,No,0,Not Graduate,No,Semiurban,130.0,360.0,6783.0,0.0,1.0,Y,6783.0,6783.0,0.019165560961226596,Not Graduate_No
Male,Yes,0,Graduate,No,Rural,216.0,360.0,1025.0,5500.0,1.0,Y,6525.0,6525.0,0.03310344827586207,Graduate_No
Male,Yes,3,Graduate,No,Urban,100.0,360.0,4281.0,0.0,1.0,Y,4281.0,1070.25,0.023359028264424198,Graduate_No
Male,No,2,Graduate,No,Rural,110.0,360.0,3588.0,0.0,0.0,N,3588.0,1196.0,0.030657748049052396,Graduate_No
Male,No,1,Graduate,No,Semiurban,196.0,360.0,10171.25,0.0,1.0,N,10171.25,5085.625,0.01927000122895416,Graduate_No
Female,No,0,Not Graduate,Yes,Urban,125.0,360.0,10171.25,0.0,1.0,Y,10171.25,10171.25,0.012289541600098316,Not Graduate_Yes
Male,No,0,Not Graduate,No,Rural,126.0,360.0,2550.0,2042.0,1.0,Y,4592.0,4592.0,0.027439024390243903,Not Graduate_No
Male,Yes,0,Graduate,No,Urban,261.5,360.0,6133.0,3906.0,1.0,Y,10039.0,10039.0,0.026048411196334297,Graduate_No
Male,No,2,Graduate,No,Semiurban,107.0,360.0,3617.0,0.0,1.0,Y,3617.0,1205.6666666666667,0.029582526956040918,Graduate_No
Male,Yes,0,Not Graduate,No,Rural,66.0,360.0,2917.0,536.0,1.0,N,3453.0,3453.0,0.019113814074717638,Not Graduate_No
Male,Yes,3,Graduate,No,Rural,157.0,180.0,6417.0,0.0,1.0,Y,6417.0,1604.25,0.02446626149290946,Graduate_No
Female,Yes,1,Graduate,No,Semiurban,140.0,180.0,4608.0,2845.0,1.0,Y,7453.0,3726.5,0.018784382128002146,Graduate_No
Female,No,0,Graduate,No,Semiurban,99.0,360.0,2138.0,0.0,0.0,N,2138.0,2138.0,0.04630495790458372,Graduate_No
Female,No,1,Graduate,No,Semiurban,95.0,360.0,3652.0,0.0,1.0,Y,3652.0,1826.0,0.026013143483023003,Graduate_No
Male,Yes,1,Not Graduate,No,Urban,128.0,360.0,2239.0,2524.0,1.0,Y,4763.0,2381.5,0.026873819021625025,Not Graduate_No
Female,Yes,0,Not Graduate,No,Semiurban,102.0,360.0,3017.0,663.0,1.0,Y,3680.0,3680.0,0.027717391304347826,Not Graduate_No
Male,Yes,0,Graduate,No,Rural,155.0,360.0,2768.0,1950.0,1.0,Y,4718.0,4718.0,0.03285290377278508,Graduate_No
Male,No,0,Not Graduate,No,Semiurban,80.0,36.0,3358.0,0.0,1.0,N,3358.0,3358.0,0.023823704586063133,Not Graduate_No
Male,No,0,Graduate,No,Rural,145.0,360.0,2526.0,1783.0,1.0,Y,4309.0,4309.0,0.03365049895567417,Graduate_No
Female,No,0,Graduate,No,Semiurban,103.0,360.0,5000.0,0.0,0.0,N,5000.0,5000.0,0.0206,Graduate_No
Male,Yes,0,Graduate,No,Rural,110.0,360.0,2785.0,2016.0,1.0,Y,4801.0,4801.0,0.022911893355550928,Graduate_No
Male,Yes,2,Graduate,Yes,Rural,128.0,360.0,6633.0,0.0,0.0,N,6633.0,2211.0,0.019297452133273028,Graduate_Yes
Male,Yes,1,Not Graduate,No,Rural,128.0,360.0,2492.0,2375.0,1.0,Y,4867.0,2433.5,0.026299568522703924,Not Graduate_No
Male,Yes,1,Graduate,No,Urban,158.0,360.0,3333.0,3250.0,1.0,Y,6583.0,3291.5,0.024001215251405136,Graduate_No
Male,Yes,0,Not Graduate,No,Urban,181.0,360.0,2454.0,2333.0,0.0,N,4787.0,4787.0,0.03781073741382912,Not Graduate_No
Male,Yes,0,Graduate,No,Rural,132.0,180.0,3593.0,4266.0,0.0,N,7859.0,7859.0,0.01679603002926581,Graduate_No
Male,Yes,1,Graduate,No,Semiurban,26.0,360.0,5468.0,1032.0,1.0,Y,6500.0,3250.0,0.004,Graduate_No
Female,No,0,Graduate,No,Urban,84.0,360.0,2667.0,1625.0,1.0,Y,4292.0,4292.0,0.0195712954333644,Graduate_No
Male,Yes,3,Graduate,Yes,Semiurban,260.0,360.0,10139.0,0.0,1.0,Y,10139.0,2534.75,0.025643554591182564,Graduate_Yes
Male,Yes,0,Graduate,No,Semiurban,162.0,360.0,3887.0,2669.0,1.0,Y,6556.0,6556.0,0.02471018913971934,Graduate_No
Female,Yes,0,Graduate,No,Semiurban,182.0,360.0,4180.0,2306.0,1.0,Y,6486.0,6486.0,0.028060437866173297,Graduate_No
Male,Yes,2,Not Graduate,No,Semiurban,108.0,360.0,3675.0,242.0,1.0,Y,3917.0,1305.6666666666667,0.027572121521572634,Not Graduate_No
Female,Yes,1,Graduate,Yes,Semiurban,261.5,360.0,10171.25,0.0,1.0,Y,10171.25,5085.625,0.025709721027405676,Graduate_Yes
Male,Yes,0,Graduate,No,Rural,211.0,360.0,5923.0,2054.0,1.0,Y,7977.0,7977.0,0.02645104675943337,Graduate_No
Male,No,0,Not Graduate,Yes,Semiurban,132.0,360.0,5800.0,0.0,1.0,Y,5800.0,5800.0,0.022758620689655173,Not Graduate_Yes
Male,Yes,2,Graduate,No,Urban,258.0,360.0,8799.0,0.0,0.0,N,8799.0,2933.0,0.029321513808387316,Graduate_No
Male,Yes,0,Not Graduate,No,Rural,120.0,360.0,4467.0,0.0,1.0,Y,4467.0,4467.0,0.026863666890530557,Not Graduate_No
Male,No,0,Graduate,No,Urban,70.0,360.0,3333.0,0.0,1.0,Y,3333.0,3333.0,0.021002100210021003,Graduate_No
Male,Yes,3,Graduate,No,Rural,123.0,360.0,3400.0,2500.0,0.0,N,5900.0,1475.0,0.020847457627118645,Graduate_No
Female,No,0,Graduate,No,Urban,9.0,360.0,2378.0,0.0,1.0,N,2378.0,2378.0,0.0037846930193439865,Graduate_No
Male,Yes,0,Graduate,No,Urban,104.0,360.0,3166.0,2064.0,0.0,N,5230.0,5230.0,0.01988527724665392,Graduate_No
Male,Yes,1,Graduate,No,Urban,186.0,360.0,3417.0,1750.0,1.0,Y,5167.0,2583.5,0.035997677569189084,Graduate_No
Male,Yes,0,Graduate,No,Urban,165.0,360.0,5116.0,1451.0,0.0,N,6567.0,6567.0,0.02512562814070352,Graduate_No
Male,Yes,2,Graduate,No,Urban,261.5,360.0,10171.25,0.0,1.0,Y,10171.25,3390.4166666666665,0.025709721027405676,Graduate_No
Male,Yes,2,Not Graduate,No,Semiurban,187.0,480.0,6125.0,1625.0,1.0,N,7750.0,2583.3333333333335,0.024129032258064516,Not Graduate_No
Male,Yes,3,Graduate,No,Semiurban,150.0,360.0,6406.0,0.0,1.0,N,6406.0,1601.5,0.023415547923821417,Graduate_No
Male,Yes,2,Graduate,No,Urban,108.0,84.0,3159.0,461.0,1.0,Y,3620.0,1206.6666666666667,0.02983425414364641,Graduate_No
Male,Yes,0,Graduate,No,Semiurban,136.0,360.0,3087.0,2210.0,0.0,N,5297.0,5297.0,0.02567491032659996,Graduate_No
Male,No,0,Graduate,No,Urban,110.0,360.0,3229.0,2739.0,1.0,Y,5968.0,5968.0,0.018431635388739945,Graduate_No
Male,Yes,1,Graduate,No,Rural,107.0,360.0,1782.0,2232.0,1.0,Y,4014.0,2007.0,0.02665670154459392,Graduate_No
Male,No,0,Graduate,No,Urban,161.0,360.0,3182.0,2917.0,1.0,Y,6099.0,6099.0,0.026397770126250206,Graduate_No
Male,Yes,2,Graduate,No,Semiurban,205.0,360.0,6540.0,0.0,1.0,Y,6540.0,2180.0,0.03134556574923547,Graduate_No
Male,No,0,Graduate,No,Urban,90.0,360.0,1836.0,5743.125,1.0,N,7579.125,7579.125,0.011874721686210479,Graduate_No
Female,Yes,0,Graduate,No,Semiurban,36.0,360.0,3166.0,0.0,1.0,Y,3166.0,3166.0,0.011370814908401769,Graduate_No
Male,Yes,1,Graduate,No,Rural,61.0,360.0,1880.0,0.0,1.0,N,1880.0,940.0,0.032446808510638296,Graduate_No
Male,Yes,1,Graduate,No,Rural,146.0,360.0,2787.0,1917.0,0.0,N,4704.0,2352.0,0.031037414965986394,Graduate_No
Male,Yes,1,Graduate,No,Rural,172.0,84.0,4283.0,3000.0,1.0,N,7283.0,3641.5,0.02361664149388988,Graduate_No
Male,Yes,0,Graduate,No,Urban,104.0,360.0,2297.0,1522.0,1.0,Y,3819.0,3819.0,0.027232259753862266,Graduate_No
Female,No,0,Not Graduate,No,Semiurban,70.0,360.0,2165.0,0.0,1.0,Y,2165.0,2165.0,0.03233256351039261,Not Graduate_No
Male,No,0,Graduate,No,Semiurban,94.0,360.0,4750.0,0.0,1.0,Y,4750.0,4750.0,0.019789473684210527,Graduate_No
Male,Yes,2,Graduate,Yes,Semiurban,106.0,360.0,2726.0,0.0,0.0,N,2726.0,908.6666666666666,0.03888481291269259,Graduate_Yes
Male,Yes,0,Graduate,No,Semiurban,56.0,180.0,3000.0,3416.0,1.0,Y,6416.0,6416.0,0.008728179551122194,Graduate_No
Male,Yes,2,Graduate,Yes,Semiurban,205.0,240.0,6000.0,0.0,1.0,N,6000.0,2000.0,0.034166666666666665,Graduate_Yes
Male,No,3,Graduate,Yes,Semiurban,261.5,360.0,9357.0,0.0,1.0,Y,9357.0,2339.25,0.02794699155712301,Graduate_Yes
Male,Yes,0,Graduate,No,Rural,142.0,180.0,3859.0,3300.0,1.0,Y,7159.0,7159.0,0.019835172510127112,Graduate_No
Male,Yes,0,Graduate,Yes,Urban,260.0,360.0,10171.25,0.0,1.0,Y,10171.25,10171.25,0.025562246528204498,Graduate_Yes
Male,No,0,Not Graduate,No,Rural,110.0,360.0,3833.0,0.0,1.0,Y,3833.0,3833.0,0.02869814766501435,Not Graduate_No
Male,Yes,2,Not Graduate,Yes,Rural,187.0,360.0,6383.0,1000.0,1.0,N,7383.0,2461.0,0.025328457266693756,Not Graduate_Yes
Male,No,0,Graduate,No,Semiurban,88.0,360.0,2987.0,0.0,0.0,N,2987.0,2987.0,0.02946099765651155,Graduate_No
Male,Yes,0,Graduate,Yes,Rural,180.0,360.0,9963.0,0.0,1.0,Y,9963.0,9963.0,0.018066847335140017,Graduate_Yes
Male,Yes,2,Graduate,No,Urban,192.0,360.0,5780.0,0.0,1.0,Y,5780.0,1926.6666666666667,0.03321799307958478,Graduate_No
Female,No,3,Graduate,No,Urban,261.5,180.0,416.0,5743.125,1.0,N,6159.125,1539.78125,0.04245732957197654,Graduate_No
Male,Yes,0,Not Graduate,No,Rural,155.0,360.0,2894.0,2792.0,1.0,Y,5686.0,5686.0,0.027259936686598662,Not Graduate_No
Male,Yes,3,Graduate,No,Urban,128.0,360.0,5703.0,0.0,1.0,Y,5703.0,1425.75,0.02244432754690514,Graduate_No
Male,No,0,Graduate,No,Rural,172.0,360.0,3676.0,4301.0,1.0,Y,7977.0,7977.0,0.021561990723329573,Graduate_No
Female,Yes,1,Graduate,No,Semiurban,261.5,360.0,10171.25,0.0,1.0,Y,10171.25,5085.625,0.025709721027405676,Graduate_No
Male,Yes,0,Not Graduate,No,Urban,128.0,180.0,2400.0,3800.0,1.0,N,6200.0,6200.0,0.02064516129032258,Not Graduate_No
Male,Yes,1,Graduate,No,Semiurban,173.0,360.0,3400.0,2500.0,1.0,Y,5900.0,2950.0,0.029322033898305084,Graduate_No
Male,Yes,2,Not Graduate,No,Rural,157.0,360.0,3987.0,1411.0,1.0,Y,5398.0,1799.3333333333333,0.029084846239347907,Not Graduate_No
Male,Yes,0,Graduate,No,Rural,108.0,360.0,3232.0,1950.0,1.0,Y,5182.0,5182.0,0.020841373986877652,Graduate_No
Female,No,0,Graduate,No,Rural,71.0,360.0,2900.0,0.0,1.0,Y,2900.0,2900.0,0.024482758620689656,Graduate_No
Male,Yes,3,Graduate,No,Rural,40.0,180.0,4106.0,0.0,1.0,Y,4106.0,1026.5,0.00974184120798831,Graduate_No
Male,Yes,1,Graduate,No,Urban,253.0,360.0,8072.0,240.0,1.0,Y,8312.0,4156.0,0.030437921077959576,Graduate_No
Male,Yes,2,Graduate,No,Urban,187.0,360.0,7583.0,0.0,1.0,Y,7583.0,2527.6666666666665,0.024660424634049848,Graduate_No
Female,No,0,Graduate,Yes,Semiurban,133.0,360.0,4583.0,0.0,0.0,N,4583.0,4583.0,0.02902029238490072,Graduate_Yes
